0 verbose cli /opt/homebrew/Cellar/node/25.8.2/bin/node /opt/homebrew/bin/npm
1 info using npm@11.11.1
2 info using node@v25.8.2
3 silly config load:file:/opt/homebrew/lib/node_modules/npm/npmrc
4 silly config load:file:/Volumes/qbitOS/00.dev/cursor/train/train/.npmrc
5 silly config load:file:/Users/tref/.npmrc
6 silly config load:file:/opt/homebrew/etc/npmrc
7 verbose title npm install
8 verbose argv "install" "--cache" ".npm-cache"
9 verbose logfile logs-max:10 dir:/Volumes/qbitOS/00.dev/cursor/train/train/.npm-cache/_logs/2026-04-30T10_21_59_470Z-
10 verbose logfile /Volumes/qbitOS/00.dev/cursor/train/train/.npm-cache/_logs/2026-04-30T10_21_59_470Z-debug-0.log
11 silly logfile done cleaning log files
12 silly packumentCache heap:4496293888 maxSize:1124073472 maxEntrySize:562036736
13 silly idealTree buildDeps
14 silly fetch manifest astro@^6.2.0
15 silly packumentCache full:https://registry.npmjs.org/astro cache-miss
16 http fetch GET 200 https://registry.npmjs.org/npm 161ms
17 http fetch GET 200 https://registry.npmjs.org/astro 412ms (cache miss)
18 silly packumentCache full:https://registry.npmjs.org/astro set size:undefined disposed:false
19 silly placeDep ROOT astro@6.2.0 OK for: train@0.0.1 want: ^6.2.0
20 silly fetch manifest @astrojs/compiler@^4.0.0
21 silly packumentCache full:https://registry.npmjs.org/@astrojs%2fcompiler cache-miss
22 silly fetch manifest @capsizecss/unpack@^4.0.0
23 silly packumentCache full:https://registry.npmjs.org/@capsizecss%2funpack cache-miss
24 silly fetch manifest @clack/prompts@^1.1.0
25 silly packumentCache full:https://registry.npmjs.org/@clack%2fprompts cache-miss
26 silly fetch manifest @oslojs/encoding@^1.1.0
27 silly packumentCache full:https://registry.npmjs.org/@oslojs%2fencoding cache-miss
28 silly fetch manifest @rollup/pluginutils@^5.3.0
29 silly packumentCache full:https://registry.npmjs.org/@rollup%2fpluginutils cache-miss
30 silly fetch manifest aria-query@^5.3.2
31 silly packumentCache full:https://registry.npmjs.org/aria-query cache-miss
32 silly fetch manifest axobject-query@^4.1.0
33 silly packumentCache full:https://registry.npmjs.org/axobject-query cache-miss
34 silly fetch manifest ci-info@^4.4.0
35 silly packumentCache full:https://registry.npmjs.org/ci-info cache-miss
36 silly fetch manifest clsx@^2.1.1
37 silly packumentCache full:https://registry.npmjs.org/clsx cache-miss
38 http fetch GET 200 https://registry.npmjs.org/axobject-query 66ms (cache miss)
39 silly packumentCache full:https://registry.npmjs.org/axobject-query set size:undefined disposed:false
40 silly fetch manifest common-ancestor-path@^2.0.0
41 silly packumentCache full:https://registry.npmjs.org/common-ancestor-path cache-miss
42 http fetch GET 200 https://registry.npmjs.org/clsx 84ms (cache miss)
43 silly packumentCache full:https://registry.npmjs.org/clsx set size:undefined disposed:false
44 silly fetch manifest cookie@^1.1.1
45 silly packumentCache full:https://registry.npmjs.org/cookie cache-miss
46 http fetch GET 200 https://registry.npmjs.org/aria-query 86ms (cache miss)
47 silly packumentCache full:https://registry.npmjs.org/aria-query set size:undefined disposed:false
48 silly fetch manifest devalue@^5.6.3
49 silly packumentCache full:https://registry.npmjs.org/devalue cache-miss
50 http fetch GET 200 https://registry.npmjs.org/@oslojs%2fencoding 92ms (cache miss)
51 silly packumentCache full:https://registry.npmjs.org/@oslojs%2fencoding set size:undefined disposed:false
52 silly fetch manifest diff@^8.0.3
53 silly packumentCache full:https://registry.npmjs.org/diff cache-miss
54 http fetch GET 200 https://registry.npmjs.org/common-ancestor-path 28ms (cache miss)
55 silly packumentCache full:https://registry.npmjs.org/common-ancestor-path set size:undefined disposed:false
56 silly fetch manifest dset@^3.1.4
57 silly packumentCache full:https://registry.npmjs.org/dset cache-miss
58 http fetch GET 200 https://registry.npmjs.org/ci-info 96ms (cache miss)
59 silly packumentCache full:https://registry.npmjs.org/ci-info set size:undefined disposed:false
60 silly fetch manifest es-module-lexer@^2.0.0
61 silly packumentCache full:https://registry.npmjs.org/es-module-lexer cache-miss
62 http fetch GET 200 https://registry.npmjs.org/@clack%2fprompts 98ms (cache miss)
63 silly packumentCache full:https://registry.npmjs.org/@clack%2fprompts set size:undefined disposed:false
64 silly fetch manifest esbuild@^0.27.3
65 silly packumentCache full:https://registry.npmjs.org/esbuild cache-miss
66 http fetch GET 200 https://registry.npmjs.org/@astrojs%2fcompiler 99ms (cache miss)
67 silly packumentCache full:https://registry.npmjs.org/@astrojs%2fcompiler set size:undefined disposed:false
68 silly fetch manifest flattie@^1.1.1
69 silly packumentCache full:https://registry.npmjs.org/flattie cache-miss
70 http fetch GET 200 https://registry.npmjs.org/cookie 25ms (cache miss)
71 silly packumentCache full:https://registry.npmjs.org/cookie set size:undefined disposed:false
72 silly fetch manifest fontace@~0.4.1
73 silly packumentCache full:https://registry.npmjs.org/fontace cache-miss
74 http fetch GET 200 https://registry.npmjs.org/@capsizecss%2funpack 116ms (cache miss)
75 silly packumentCache full:https://registry.npmjs.org/@capsizecss%2funpack set size:undefined disposed:false
76 silly fetch manifest github-slugger@^2.0.0
77 silly packumentCache full:https://registry.npmjs.org/github-slugger cache-miss
78 http fetch GET 200 https://registry.npmjs.org/devalue 33ms (cache miss)
79 silly packumentCache full:https://registry.npmjs.org/devalue set size:undefined disposed:false
80 silly fetch manifest html-escaper@3.0.3
81 silly packumentCache full:https://registry.npmjs.org/html-escaper cache-miss
82 http fetch GET 200 https://registry.npmjs.org/dset 25ms (cache miss)
83 silly packumentCache full:https://registry.npmjs.org/dset set size:undefined disposed:false
84 silly fetch manifest http-cache-semantics@^4.2.0
85 silly packumentCache full:https://registry.npmjs.org/http-cache-semantics cache-miss
86 http fetch GET 200 https://registry.npmjs.org/flattie 30ms (cache miss)
87 silly packumentCache full:https://registry.npmjs.org/flattie set size:undefined disposed:false
88 silly fetch manifest js-yaml@^4.1.1
89 silly packumentCache full:https://registry.npmjs.org/js-yaml cache-miss
90 http fetch GET 200 https://registry.npmjs.org/es-module-lexer 38ms (cache miss)
91 silly packumentCache full:https://registry.npmjs.org/es-module-lexer set size:undefined disposed:false
92 silly fetch manifest magic-string@^0.30.21
93 silly packumentCache full:https://registry.npmjs.org/magic-string cache-miss
94 http fetch GET 200 https://registry.npmjs.org/fontace 28ms (cache miss)
95 silly packumentCache full:https://registry.npmjs.org/fontace set size:undefined disposed:false
96 silly fetch manifest magicast@^0.5.2
97 silly packumentCache full:https://registry.npmjs.org/magicast cache-miss
98 http fetch GET 200 https://registry.npmjs.org/diff 45ms (cache miss)
99 silly packumentCache full:https://registry.npmjs.org/diff set size:undefined disposed:false
100 silly fetch manifest mrmime@^2.0.1
101 silly packumentCache full:https://registry.npmjs.org/mrmime cache-miss
102 http fetch GET 200 https://registry.npmjs.org/html-escaper 25ms (cache miss)
103 silly packumentCache full:https://registry.npmjs.org/html-escaper set size:undefined disposed:false
104 silly fetch manifest neotraverse@^0.6.18
105 silly packumentCache full:https://registry.npmjs.org/neotraverse cache-miss
106 http fetch GET 200 https://registry.npmjs.org/github-slugger 31ms (cache miss)
107 silly packumentCache full:https://registry.npmjs.org/github-slugger set size:undefined disposed:false
108 silly fetch manifest obug@^2.1.1
109 silly packumentCache full:https://registry.npmjs.org/obug cache-miss
110 http fetch GET 200 https://registry.npmjs.org/http-cache-semantics 31ms (cache miss)
111 silly packumentCache full:https://registry.npmjs.org/http-cache-semantics set size:undefined disposed:false
112 silly fetch manifest p-limit@^7.3.0
113 silly packumentCache full:https://registry.npmjs.org/p-limit cache-miss
114 http fetch GET 200 https://registry.npmjs.org/js-yaml 30ms (cache miss)
115 silly packumentCache full:https://registry.npmjs.org/js-yaml set size:undefined disposed:false
116 silly fetch manifest p-queue@^9.1.0
117 silly packumentCache full:https://registry.npmjs.org/p-queue cache-miss
118 http fetch GET 200 https://registry.npmjs.org/magicast 33ms (cache miss)
119 silly packumentCache full:https://registry.npmjs.org/magicast set size:undefined disposed:false
120 silly fetch manifest package-manager-detector@^1.6.0
121 silly packumentCache full:https://registry.npmjs.org/package-manager-detector cache-miss
122 http fetch GET 200 https://registry.npmjs.org/mrmime 35ms (cache miss)
123 silly packumentCache full:https://registry.npmjs.org/mrmime set size:undefined disposed:false
124 silly fetch manifest piccolore@^0.1.3
125 silly packumentCache full:https://registry.npmjs.org/piccolore cache-miss
126 http fetch GET 200 https://registry.npmjs.org/obug 29ms (cache miss)
127 silly packumentCache full:https://registry.npmjs.org/obug set size:undefined disposed:false
128 silly fetch manifest picomatch@^4.0.4
129 silly packumentCache full:https://registry.npmjs.org/picomatch cache-miss
130 http fetch GET 200 https://registry.npmjs.org/@rollup%2fpluginutils 180ms (cache miss)
131 silly packumentCache full:https://registry.npmjs.org/@rollup%2fpluginutils set size:undefined disposed:false
132 silly fetch manifest rehype@^13.0.2
133 silly packumentCache full:https://registry.npmjs.org/rehype cache-miss
134 http fetch GET 200 https://registry.npmjs.org/neotraverse 35ms (cache miss)
135 silly packumentCache full:https://registry.npmjs.org/neotraverse set size:undefined disposed:false
136 silly fetch manifest semver@^7.7.4
137 silly packumentCache full:https://registry.npmjs.org/semver cache-miss
138 http fetch GET 200 https://registry.npmjs.org/esbuild 90ms (cache miss)
139 silly packumentCache full:https://registry.npmjs.org/esbuild set size:undefined disposed:false
140 silly fetch manifest shiki@^4.0.2
141 silly packumentCache full:https://registry.npmjs.org/shiki cache-miss
142 http fetch GET 200 https://registry.npmjs.org/magic-string 59ms (cache miss)
143 silly packumentCache full:https://registry.npmjs.org/magic-string set size:undefined disposed:false
144 silly fetch manifest smol-toml@^1.6.0
145 silly packumentCache full:https://registry.npmjs.org/smol-toml cache-miss
146 http fetch GET 200 https://registry.npmjs.org/p-limit 44ms (cache miss)
147 silly packumentCache full:https://registry.npmjs.org/p-limit set size:undefined disposed:false
148 silly fetch manifest svgo@^4.0.1
149 silly packumentCache full:https://registry.npmjs.org/svgo cache-miss
150 http fetch GET 200 https://registry.npmjs.org/p-queue 35ms (cache miss)
151 silly packumentCache full:https://registry.npmjs.org/p-queue set size:undefined disposed:false
152 silly fetch manifest tinyclip@^0.1.12
153 silly packumentCache full:https://registry.npmjs.org/tinyclip cache-miss
154 http fetch GET 200 https://registry.npmjs.org/package-manager-detector 28ms (cache miss)
155 silly packumentCache full:https://registry.npmjs.org/package-manager-detector set size:undefined disposed:false
156 silly fetch manifest tinyexec@^1.0.4
157 silly packumentCache full:https://registry.npmjs.org/tinyexec cache-miss
158 http fetch GET 200 https://registry.npmjs.org/picomatch 30ms (cache miss)
159 silly packumentCache full:https://registry.npmjs.org/picomatch set size:undefined disposed:false
160 silly fetch manifest tinyglobby@^0.2.15
161 silly packumentCache full:https://registry.npmjs.org/tinyglobby cache-miss
162 http fetch GET 200 https://registry.npmjs.org/piccolore 35ms (cache miss)
163 silly packumentCache full:https://registry.npmjs.org/piccolore set size:undefined disposed:false
164 silly fetch manifest tsconfck@^3.1.6
165 silly packumentCache full:https://registry.npmjs.org/tsconfck cache-miss
166 http fetch GET 200 https://registry.npmjs.org/semver 37ms (cache miss)
167 silly packumentCache full:https://registry.npmjs.org/semver set size:undefined disposed:false
168 silly fetch manifest ultrahtml@^1.6.0
169 silly packumentCache full:https://registry.npmjs.org/ultrahtml cache-miss
170 http fetch GET 200 https://registry.npmjs.org/rehype 43ms (cache miss)
171 silly packumentCache full:https://registry.npmjs.org/rehype set size:undefined disposed:false
172 silly fetch manifest unifont@~0.7.4
173 silly packumentCache full:https://registry.npmjs.org/unifont cache-miss
174 http fetch GET 200 https://registry.npmjs.org/tinyclip 28ms (cache miss)
175 silly packumentCache full:https://registry.npmjs.org/tinyclip set size:undefined disposed:false
176 silly fetch manifest unist-util-visit@^5.1.0
177 silly packumentCache full:https://registry.npmjs.org/unist-util-visit cache-miss
178 http fetch GET 200 https://registry.npmjs.org/svgo 30ms (cache miss)
179 silly packumentCache full:https://registry.npmjs.org/svgo set size:undefined disposed:false
180 silly fetch manifest unstorage@^1.17.5
181 silly packumentCache full:https://registry.npmjs.org/unstorage cache-miss
182 http fetch GET 200 https://registry.npmjs.org/smol-toml 33ms (cache miss)
183 silly packumentCache full:https://registry.npmjs.org/smol-toml set size:undefined disposed:false
184 silly fetch manifest vfile@^6.0.3
185 silly packumentCache full:https://registry.npmjs.org/vfile cache-miss
186 http fetch GET 200 https://registry.npmjs.org/tinyexec 37ms (cache miss)
187 silly packumentCache full:https://registry.npmjs.org/tinyexec set size:undefined disposed:false
188 silly fetch manifest vite@^7.3.2
189 silly packumentCache full:https://registry.npmjs.org/vite cache-miss
190 http fetch GET 200 https://registry.npmjs.org/shiki 46ms (cache miss)
191 silly packumentCache full:https://registry.npmjs.org/shiki set size:undefined disposed:false
192 silly fetch manifest vitefu@^1.1.2
193 silly packumentCache full:https://registry.npmjs.org/vitefu cache-miss
194 http fetch GET 200 https://registry.npmjs.org/tsconfck 34ms (cache miss)
195 silly packumentCache full:https://registry.npmjs.org/tsconfck set size:undefined disposed:false
196 silly fetch manifest xxhash-wasm@^1.1.0
197 silly packumentCache full:https://registry.npmjs.org/xxhash-wasm cache-miss
198 http fetch GET 200 https://registry.npmjs.org/ultrahtml 25ms (cache miss)
199 silly packumentCache full:https://registry.npmjs.org/ultrahtml set size:undefined disposed:false
200 silly fetch manifest yargs-parser@^22.0.0
201 silly packumentCache full:https://registry.npmjs.org/yargs-parser cache-miss
202 http fetch GET 200 https://registry.npmjs.org/tinyglobby 36ms (cache miss)
203 silly packumentCache full:https://registry.npmjs.org/tinyglobby set size:undefined disposed:false
204 silly fetch manifest zod@^4.3.6
205 silly packumentCache full:https://registry.npmjs.org/zod cache-miss
206 http fetch GET 200 https://registry.npmjs.org/vfile 24ms (cache miss)
207 silly packumentCache full:https://registry.npmjs.org/vfile set size:undefined disposed:false
208 silly fetch manifest @astrojs/internal-helpers@0.9.0
209 silly packumentCache full:https://registry.npmjs.org/@astrojs%2finternal-helpers cache-miss
210 http fetch GET 200 https://registry.npmjs.org/unifont 42ms (cache miss)
211 silly packumentCache full:https://registry.npmjs.org/unifont set size:undefined disposed:false
212 silly fetch manifest @astrojs/telemetry@3.3.1
213 silly packumentCache full:https://registry.npmjs.org/@astrojs%2ftelemetry cache-miss
214 http fetch GET 200 https://registry.npmjs.org/vitefu 26ms (cache miss)
215 silly packumentCache full:https://registry.npmjs.org/vitefu set size:undefined disposed:false
216 silly fetch manifest @astrojs/markdown-remark@7.1.1
217 silly packumentCache full:https://registry.npmjs.org/@astrojs%2fmarkdown-remark cache-miss
218 http fetch GET 200 https://registry.npmjs.org/unist-util-visit 41ms (cache miss)
219 silly packumentCache full:https://registry.npmjs.org/unist-util-visit set size:undefined disposed:false
220 silly fetch manifest sharp@^0.34.0
221 silly packumentCache full:https://registry.npmjs.org/sharp cache-miss
222 http fetch GET 200 https://registry.npmjs.org/yargs-parser 26ms (cache miss)
223 silly packumentCache full:https://registry.npmjs.org/yargs-parser set size:undefined disposed:false
224 http fetch GET 200 https://registry.npmjs.org/xxhash-wasm 29ms (cache miss)
225 silly packumentCache full:https://registry.npmjs.org/xxhash-wasm set size:undefined disposed:false
226 http fetch GET 200 https://registry.npmjs.org/unstorage 85ms (cache miss)
227 silly packumentCache full:https://registry.npmjs.org/unstorage set size:undefined disposed:false
228 http fetch GET 200 https://registry.npmjs.org/sharp 53ms (cache miss)
229 silly packumentCache full:https://registry.npmjs.org/sharp set size:undefined disposed:false
230 http fetch GET 200 https://registry.npmjs.org/zod 91ms (cache miss)
231 silly packumentCache full:https://registry.npmjs.org/zod set size:undefined disposed:false
232 http fetch GET 200 https://registry.npmjs.org/@astrojs%2finternal-helpers 93ms (cache miss)
233 silly packumentCache full:https://registry.npmjs.org/@astrojs%2finternal-helpers set size:undefined disposed:false
234 http fetch GET 200 https://registry.npmjs.org/@astrojs%2fmarkdown-remark 105ms (cache miss)
235 silly packumentCache full:https://registry.npmjs.org/@astrojs%2fmarkdown-remark set size:undefined disposed:false
236 http fetch GET 200 https://registry.npmjs.org/@astrojs%2ftelemetry 131ms (cache miss)
237 silly packumentCache full:https://registry.npmjs.org/@astrojs%2ftelemetry set size:undefined disposed:false
238 http fetch GET 200 https://registry.npmjs.org/vite 1135ms (cache miss)
239 silly packumentCache full:https://registry.npmjs.org/vite set size:undefined disposed:false
240 silly fetch manifest rollup@^1.20.0||^2.0.0||^3.0.0||^4.0.0
241 silly packumentCache full:https://registry.npmjs.org/rollup cache-miss
242 http fetch GET 200 https://registry.npmjs.org/rollup 94ms (cache miss)
243 silly packumentCache full:https://registry.npmjs.org/rollup set size:undefined disposed:false
244 silly fetch manifest typescript@^5.0.0
245 silly packumentCache full:https://registry.npmjs.org/typescript cache-miss
246 http fetch GET 200 https://registry.npmjs.org/typescript 328ms (cache miss)
247 silly packumentCache full:https://registry.npmjs.org/typescript set size:undefined disposed:false
248 silly fetch manifest @azure/app-configuration@^1.8.0
249 silly packumentCache full:https://registry.npmjs.org/@azure%2fapp-configuration cache-miss
250 http fetch GET 200 https://registry.npmjs.org/@azure%2fapp-configuration 139ms (cache miss)
251 silly packumentCache full:https://registry.npmjs.org/@azure%2fapp-configuration set size:undefined disposed:false
252 silly fetch manifest @azure/cosmos@^4.2.0
253 silly packumentCache full:https://registry.npmjs.org/@azure%2fcosmos cache-miss
254 http fetch GET 200 https://registry.npmjs.org/@azure%2fcosmos 152ms (cache miss)
255 silly packumentCache full:https://registry.npmjs.org/@azure%2fcosmos set size:undefined disposed:false
256 silly fetch manifest @azure/data-tables@^13.3.0
257 silly packumentCache full:https://registry.npmjs.org/@azure%2fdata-tables cache-miss
258 http fetch GET 200 https://registry.npmjs.org/@azure%2fdata-tables 106ms (cache miss)
259 silly packumentCache full:https://registry.npmjs.org/@azure%2fdata-tables set size:undefined disposed:false
260 silly fetch manifest @azure/identity@^4.6.0
261 silly packumentCache full:https://registry.npmjs.org/@azure%2fidentity cache-miss
262 http fetch GET 200 https://registry.npmjs.org/@azure%2fidentity 85ms (cache miss)
263 silly packumentCache full:https://registry.npmjs.org/@azure%2fidentity set size:undefined disposed:false
264 silly fetch manifest @azure/keyvault-secrets@^4.9.0
265 silly packumentCache full:https://registry.npmjs.org/@azure%2fkeyvault-secrets cache-miss
266 http fetch GET 200 https://registry.npmjs.org/@azure%2fkeyvault-secrets 79ms (cache miss)
267 silly packumentCache full:https://registry.npmjs.org/@azure%2fkeyvault-secrets set size:undefined disposed:false
268 silly fetch manifest @azure/storage-blob@^12.26.0
269 silly packumentCache full:https://registry.npmjs.org/@azure%2fstorage-blob cache-miss
270 http fetch GET 200 https://registry.npmjs.org/@azure%2fstorage-blob 128ms (cache miss)
271 silly packumentCache full:https://registry.npmjs.org/@azure%2fstorage-blob set size:undefined disposed:false
272 silly fetch manifest @capacitor/preferences@^6 || ^7 || ^8
273 silly packumentCache full:https://registry.npmjs.org/@capacitor%2fpreferences cache-miss
274 http fetch GET 200 https://registry.npmjs.org/@capacitor%2fpreferences 147ms (cache miss)
275 silly packumentCache full:https://registry.npmjs.org/@capacitor%2fpreferences set size:undefined disposed:false
276 silly fetch manifest @capacitor/core@>=8.0.0
277 silly packumentCache full:https://registry.npmjs.org/@capacitor%2fcore cache-miss
278 http fetch GET 200 https://registry.npmjs.org/@capacitor%2fcore 95ms (cache miss)
279 silly packumentCache full:https://registry.npmjs.org/@capacitor%2fcore set size:undefined disposed:false
280 silly fetch manifest @deno/kv@>=0.9.0
281 silly packumentCache full:https://registry.npmjs.org/@deno%2fkv cache-miss
282 http fetch GET 200 https://registry.npmjs.org/@deno%2fkv 109ms (cache miss)
283 silly packumentCache full:https://registry.npmjs.org/@deno%2fkv set size:undefined disposed:false
284 silly fetch manifest @netlify/blobs@^6.5.0 || ^7.0.0 || ^8.1.0 || ^9.0.0 || ^10.0.0
285 silly packumentCache full:https://registry.npmjs.org/@netlify%2fblobs cache-miss
286 http fetch GET 200 https://registry.npmjs.org/@netlify%2fblobs 62ms (cache miss)
287 silly packumentCache full:https://registry.npmjs.org/@netlify%2fblobs set size:undefined disposed:false
288 silly fetch manifest @planetscale/database@^1.19.0
289 silly packumentCache full:https://registry.npmjs.org/@planetscale%2fdatabase cache-miss
290 http fetch GET 200 https://registry.npmjs.org/@planetscale%2fdatabase 136ms (cache miss)
291 silly packumentCache full:https://registry.npmjs.org/@planetscale%2fdatabase set size:undefined disposed:false
292 silly fetch manifest @upstash/redis@^1.34.3
293 silly packumentCache full:https://registry.npmjs.org/@upstash%2fredis cache-miss
294 http fetch GET 200 https://registry.npmjs.org/@upstash%2fredis 155ms (cache miss)
295 silly packumentCache full:https://registry.npmjs.org/@upstash%2fredis set size:undefined disposed:false
296 silly fetch manifest @vercel/blob@>=0.27.1
297 silly packumentCache full:https://registry.npmjs.org/@vercel%2fblob cache-miss
298 http fetch GET 200 https://registry.npmjs.org/@vercel%2fblob 45ms (cache miss)
299 silly packumentCache full:https://registry.npmjs.org/@vercel%2fblob set size:undefined disposed:false
300 silly fetch manifest @vercel/functions@^2.2.12 || ^3.0.0
301 silly packumentCache full:https://registry.npmjs.org/@vercel%2ffunctions cache-miss
302 http fetch GET 200 https://registry.npmjs.org/@vercel%2ffunctions 40ms (cache miss)
303 silly packumentCache full:https://registry.npmjs.org/@vercel%2ffunctions set size:undefined disposed:false
304 silly fetch manifest @aws-sdk/credential-provider-web-identity@*
305 silly packumentCache full:https://registry.npmjs.org/@aws-sdk%2fcredential-provider-web-identity cache-miss
306 http fetch GET 200 https://registry.npmjs.org/@aws-sdk%2fcredential-provider-web-identity 84ms (cache miss)
307 silly packumentCache full:https://registry.npmjs.org/@aws-sdk%2fcredential-provider-web-identity set size:undefined disposed:false
308 silly fetch manifest @vercel/kv@^1 || ^2 || ^3
309 silly packumentCache full:https://registry.npmjs.org/@vercel%2fkv cache-miss
310 http fetch GET 200 https://registry.npmjs.org/@vercel%2fkv 93ms (cache miss)
311 silly packumentCache full:https://registry.npmjs.org/@vercel%2fkv set size:undefined disposed:false
312 silly fetch manifest aws4fetch@^1.0.20
313 silly packumentCache full:https://registry.npmjs.org/aws4fetch cache-miss
314 http fetch GET 200 https://registry.npmjs.org/aws4fetch 26ms (cache miss)
315 silly packumentCache full:https://registry.npmjs.org/aws4fetch set size:undefined disposed:false
316 silly fetch manifest db0@>=0.2.1
317 silly packumentCache full:https://registry.npmjs.org/db0 cache-miss
318 http fetch GET 200 https://registry.npmjs.org/db0 34ms (cache miss)
319 silly packumentCache full:https://registry.npmjs.org/db0 set size:undefined disposed:false
320 silly fetch manifest @electric-sql/pglite@*
321 silly packumentCache full:https://registry.npmjs.org/@electric-sql%2fpglite cache-miss
322 http fetch GET 200 https://registry.npmjs.org/@electric-sql%2fpglite 58ms (cache miss)
323 silly packumentCache full:https://registry.npmjs.org/@electric-sql%2fpglite set size:undefined disposed:false
324 silly fetch manifest @libsql/client@*
325 silly packumentCache full:https://registry.npmjs.org/@libsql%2fclient cache-miss
326 http fetch GET 200 https://registry.npmjs.org/@libsql%2fclient 62ms (cache miss)
327 silly packumentCache full:https://registry.npmjs.org/@libsql%2fclient set size:undefined disposed:false
328 silly fetch manifest better-sqlite3@*
329 silly packumentCache full:https://registry.npmjs.org/better-sqlite3 cache-miss
330 http fetch GET 200 https://registry.npmjs.org/better-sqlite3 42ms (cache miss)
331 silly packumentCache full:https://registry.npmjs.org/better-sqlite3 set size:undefined disposed:false
332 silly fetch manifest drizzle-orm@*
333 silly packumentCache full:https://registry.npmjs.org/drizzle-orm cache-miss
334 http fetch GET 200 https://registry.npmjs.org/drizzle-orm 6107ms (cache miss)
335 silly packumentCache full:https://registry.npmjs.org/drizzle-orm set size:undefined disposed:false
336 silly fetch manifest @aws-sdk/client-rds-data@>=3
337 silly packumentCache full:https://registry.npmjs.org/@aws-sdk%2fclient-rds-data cache-miss
338 http fetch GET 200 https://registry.npmjs.org/@aws-sdk%2fclient-rds-data 83ms (cache miss)
339 silly packumentCache full:https://registry.npmjs.org/@aws-sdk%2fclient-rds-data set size:undefined disposed:false
340 silly fetch manifest @cloudflare/workers-types@>=4
341 silly packumentCache full:https://registry.npmjs.org/@cloudflare%2fworkers-types cache-miss
342 http fetch GET 200 https://registry.npmjs.org/@cloudflare%2fworkers-types 73ms (cache miss)
343 silly packumentCache full:https://registry.npmjs.org/@cloudflare%2fworkers-types set size:undefined disposed:false
344 silly fetch manifest @libsql/client-wasm@>=0.10.0
345 silly packumentCache full:https://registry.npmjs.org/@libsql%2fclient-wasm cache-miss
346 http fetch GET 200 https://registry.npmjs.org/@libsql%2fclient-wasm 39ms (cache miss)
347 silly packumentCache full:https://registry.npmjs.org/@libsql%2fclient-wasm set size:undefined disposed:false
348 silly fetch manifest @neondatabase/serverless@>=0.10.0
349 silly packumentCache full:https://registry.npmjs.org/@neondatabase%2fserverless cache-miss
350 http fetch GET 200 https://registry.npmjs.org/@neondatabase%2fserverless 38ms (cache miss)
351 silly packumentCache full:https://registry.npmjs.org/@neondatabase%2fserverless set size:undefined disposed:false
352 silly fetch manifest @op-engineering/op-sqlite@>=2
353 silly packumentCache full:https://registry.npmjs.org/@op-engineering%2fop-sqlite cache-miss
354 http fetch GET 200 https://registry.npmjs.org/@op-engineering%2fop-sqlite 67ms (cache miss)
355 silly packumentCache full:https://registry.npmjs.org/@op-engineering%2fop-sqlite set size:undefined disposed:false
356 silly fetch manifest @sqlite.org/sqlite-wasm@*
357 silly packumentCache full:https://registry.npmjs.org/@sqlite.org%2fsqlite-wasm cache-miss
358 http fetch GET 200 https://registry.npmjs.org/@sqlite.org%2fsqlite-wasm 56ms (cache miss)
359 silly packumentCache full:https://registry.npmjs.org/@sqlite.org%2fsqlite-wasm set size:undefined disposed:false
360 silly fetch manifest react@*
361 silly packumentCache full:https://registry.npmjs.org/react cache-miss
362 http fetch GET 200 https://registry.npmjs.org/react 191ms (cache miss)
363 silly packumentCache full:https://registry.npmjs.org/react set size:undefined disposed:false
364 silly fetch manifest react-native@*
365 silly packumentCache full:https://registry.npmjs.org/react-native cache-miss
366 http fetch GET 200 https://registry.npmjs.org/react-native 295ms (cache miss)
367 silly packumentCache full:https://registry.npmjs.org/react-native set size:undefined disposed:false
368 silly fetch manifest @react-native/jest-preset@0.85.2
369 silly packumentCache full:https://registry.npmjs.org/@react-native%2fjest-preset cache-miss
370 http fetch GET 200 https://registry.npmjs.org/@react-native%2fjest-preset 44ms (cache miss)
371 silly packumentCache full:https://registry.npmjs.org/@react-native%2fjest-preset set size:undefined disposed:false
372 silly fetch manifest @types/react@^19.1.1
373 silly packumentCache full:https://registry.npmjs.org/@types%2freact cache-miss
374 http fetch GET 200 https://registry.npmjs.org/@types%2freact 72ms (cache miss)
375 silly packumentCache full:https://registry.npmjs.org/@types%2freact set size:undefined disposed:false
376 silly fetch manifest @opentelemetry/api@^1.4.1
377 silly packumentCache full:https://registry.npmjs.org/@opentelemetry%2fapi cache-miss
378 http fetch GET 200 https://registry.npmjs.org/@opentelemetry%2fapi 52ms (cache miss)
379 silly packumentCache full:https://registry.npmjs.org/@opentelemetry%2fapi set size:undefined disposed:false
380 silly fetch manifest @prisma/client@*
381 silly packumentCache full:https://registry.npmjs.org/@prisma%2fclient cache-miss
382 http fetch GET 200 https://registry.npmjs.org/@prisma%2fclient 947ms (cache miss)
383 silly packumentCache full:https://registry.npmjs.org/@prisma%2fclient set size:undefined disposed:false
384 silly fetch manifest prisma@*
385 silly packumentCache full:https://registry.npmjs.org/prisma cache-miss
386 http fetch GET 200 https://registry.npmjs.org/prisma 692ms (cache miss)
387 silly packumentCache full:https://registry.npmjs.org/prisma set size:undefined disposed:false
388 silly fetch manifest typescript@>=5.4.0
389 silly packumentCache full:https://registry.npmjs.org/typescript cache-miss
390 http cache https://registry.npmjs.org/typescript 27ms (cache hit)
391 silly packumentCache full:https://registry.npmjs.org/typescript set size:15409943 disposed:false
392 silly fetch manifest @tidbcloud/serverless@*
393 silly packumentCache full:https://registry.npmjs.org/@tidbcloud%2fserverless cache-miss
394 http fetch GET 200 https://registry.npmjs.org/@tidbcloud%2fserverless 57ms (cache miss)
395 silly packumentCache full:https://registry.npmjs.org/@tidbcloud%2fserverless set size:undefined disposed:false
396 silly fetch manifest @types/better-sqlite3@*
397 silly packumentCache full:https://registry.npmjs.org/@types%2fbetter-sqlite3 cache-miss
398 http fetch GET 200 https://registry.npmjs.org/@types%2fbetter-sqlite3 54ms (cache miss)
399 silly packumentCache full:https://registry.npmjs.org/@types%2fbetter-sqlite3 set size:undefined disposed:false
400 silly fetch manifest @types/pg@*
401 silly packumentCache full:https://registry.npmjs.org/@types%2fpg cache-miss
402 http fetch GET 200 https://registry.npmjs.org/@types%2fpg 44ms (cache miss)
403 silly packumentCache full:https://registry.npmjs.org/@types%2fpg set size:undefined disposed:false
404 silly fetch manifest @types/sql.js@*
405 silly packumentCache full:https://registry.npmjs.org/@types%2fsql.js cache-miss
406 http fetch GET 200 https://registry.npmjs.org/@types%2fsql.js 38ms (cache miss)
407 silly packumentCache full:https://registry.npmjs.org/@types%2fsql.js set size:undefined disposed:false
408 silly fetch manifest @vercel/postgres@>=0.8.0
409 silly packumentCache full:https://registry.npmjs.org/@vercel%2fpostgres cache-miss
410 http fetch GET 200 https://registry.npmjs.org/@vercel%2fpostgres 48ms (cache miss)
411 silly packumentCache full:https://registry.npmjs.org/@vercel%2fpostgres set size:undefined disposed:false
412 silly fetch manifest @xata.io/client@*
413 silly packumentCache full:https://registry.npmjs.org/@xata.io%2fclient cache-miss
414 http fetch GET 200 https://registry.npmjs.org/@xata.io%2fclient 288ms (cache miss)
415 silly packumentCache full:https://registry.npmjs.org/@xata.io%2fclient set size:undefined disposed:false
416 silly fetch manifest bun-types@*
417 silly packumentCache full:https://registry.npmjs.org/bun-types cache-miss
418 http fetch GET 200 https://registry.npmjs.org/bun-types 94ms (cache miss)
419 silly packumentCache full:https://registry.npmjs.org/bun-types set size:undefined disposed:false
420 silly fetch manifest expo-sqlite@>=14.0.0
421 silly packumentCache full:https://registry.npmjs.org/expo-sqlite cache-miss
422 http fetch GET 200 https://registry.npmjs.org/expo-sqlite 38ms (cache miss)
423 silly packumentCache full:https://registry.npmjs.org/expo-sqlite set size:undefined disposed:false
424 silly fetch manifest expo@*
425 silly packumentCache full:https://registry.npmjs.org/expo cache-miss
426 http fetch GET 200 https://registry.npmjs.org/expo 85ms (cache miss)
427 silly packumentCache full:https://registry.npmjs.org/expo set size:undefined disposed:false
428 silly fetch manifest @expo/dom-webview@*
429 silly packumentCache full:https://registry.npmjs.org/@expo%2fdom-webview cache-miss
430 http fetch GET 200 https://registry.npmjs.org/@expo%2fdom-webview 52ms (cache miss)
431 silly packumentCache full:https://registry.npmjs.org/@expo%2fdom-webview set size:undefined disposed:false
432 silly fetch manifest @expo/metro-runtime@*
433 silly packumentCache full:https://registry.npmjs.org/@expo%2fmetro-runtime cache-miss
434 http fetch GET 200 https://registry.npmjs.org/@expo%2fmetro-runtime 135ms (cache miss)
435 silly packumentCache full:https://registry.npmjs.org/@expo%2fmetro-runtime set size:undefined disposed:false
436 silly fetch manifest react-dom@*
437 silly packumentCache full:https://registry.npmjs.org/react-dom cache-miss
438 http fetch GET 200 https://registry.npmjs.org/react-dom 214ms (cache miss)
439 silly packumentCache full:https://registry.npmjs.org/react-dom set size:undefined disposed:false
440 silly fetch manifest react-native-webview@*
441 silly packumentCache full:https://registry.npmjs.org/react-native-webview cache-miss
442 http fetch GET 200 https://registry.npmjs.org/react-native-webview 64ms (cache miss)
443 silly packumentCache full:https://registry.npmjs.org/react-native-webview set size:undefined disposed:false
444 silly fetch manifest gel@>=2
445 silly packumentCache full:https://registry.npmjs.org/gel cache-miss
446 http fetch GET 200 https://registry.npmjs.org/gel 27ms (cache miss)
447 silly packumentCache full:https://registry.npmjs.org/gel set size:undefined disposed:false
448 silly fetch manifest knex@*
449 silly packumentCache full:https://registry.npmjs.org/knex cache-miss
450 http fetch GET 200 https://registry.npmjs.org/knex 48ms (cache miss)
451 silly packumentCache full:https://registry.npmjs.org/knex set size:undefined disposed:false
452 silly fetch manifest pg-query-stream@^4.14.0
453 silly packumentCache full:https://registry.npmjs.org/pg-query-stream cache-miss
454 http fetch GET 200 https://registry.npmjs.org/pg-query-stream 35ms (cache miss)
455 silly packumentCache full:https://registry.npmjs.org/pg-query-stream set size:undefined disposed:false
456 silly fetch manifest pg@^8
457 silly packumentCache full:https://registry.npmjs.org/pg cache-miss
458 http fetch GET 200 https://registry.npmjs.org/pg 31ms (cache miss)
459 silly packumentCache full:https://registry.npmjs.org/pg set size:undefined disposed:false
460 silly fetch manifest pg-native@>=3.0.1
461 silly packumentCache full:https://registry.npmjs.org/pg-native cache-miss
462 http fetch GET 200 https://registry.npmjs.org/pg-native 28ms (cache miss)
463 silly packumentCache full:https://registry.npmjs.org/pg-native set size:undefined disposed:false
464 silly fetch manifest kysely@*
465 silly packumentCache full:https://registry.npmjs.org/kysely cache-miss
466 http fetch GET 200 https://registry.npmjs.org/kysely 50ms (cache miss)
467 silly packumentCache full:https://registry.npmjs.org/kysely set size:undefined disposed:false
468 silly fetch manifest mysql2@>=2
469 silly packumentCache full:https://registry.npmjs.org/mysql2 cache-miss
470 http fetch GET 200 https://registry.npmjs.org/mysql2 59ms (cache miss)
471 silly packumentCache full:https://registry.npmjs.org/mysql2 set size:undefined disposed:false
472 silly fetch manifest @types/node@>= 8
473 silly packumentCache full:https://registry.npmjs.org/@types%2fnode cache-miss
474 http fetch GET 200 https://registry.npmjs.org/@types%2fnode 246ms (cache miss)
475 silly packumentCache full:https://registry.npmjs.org/@types%2fnode set size:undefined disposed:false
476 silly fetch manifest postgres@>=3
477 silly packumentCache full:https://registry.npmjs.org/postgres cache-miss
478 http fetch GET 200 https://registry.npmjs.org/postgres 38ms (cache miss)
479 silly packumentCache full:https://registry.npmjs.org/postgres set size:undefined disposed:false
480 silly fetch manifest sql.js@>=1
481 silly packumentCache full:https://registry.npmjs.org/sql.js cache-miss
482 http fetch GET 200 https://registry.npmjs.org/sql.js 31ms (cache miss)
483 silly packumentCache full:https://registry.npmjs.org/sql.js set size:undefined disposed:false
484 silly fetch manifest sqlite3@>=5
485 silly packumentCache full:https://registry.npmjs.org/sqlite3 cache-miss
486 http fetch GET 200 https://registry.npmjs.org/sqlite3 30ms (cache miss)
487 silly packumentCache full:https://registry.npmjs.org/sqlite3 set size:undefined disposed:false
488 silly fetch manifest idb-keyval@^6.2.1
489 silly packumentCache full:https://registry.npmjs.org/idb-keyval cache-miss
490 http fetch GET 200 https://registry.npmjs.org/idb-keyval 28ms (cache miss)
491 silly packumentCache full:https://registry.npmjs.org/idb-keyval set size:undefined disposed:false
492 silly fetch manifest ioredis@^5.4.2
493 silly packumentCache full:https://registry.npmjs.org/ioredis cache-miss
494 http fetch GET 200 https://registry.npmjs.org/ioredis 48ms (cache miss)
495 silly packumentCache full:https://registry.npmjs.org/ioredis set size:undefined disposed:false
496 silly fetch manifest uploadthing@^7.4.4
497 silly packumentCache full:https://registry.npmjs.org/uploadthing cache-miss
498 http fetch GET 200 https://registry.npmjs.org/uploadthing 37ms (cache miss)
499 silly packumentCache full:https://registry.npmjs.org/uploadthing set size:undefined disposed:false
500 silly fetch manifest express@*
501 silly packumentCache full:https://registry.npmjs.org/express cache-miss
502 http fetch GET 200 https://registry.npmjs.org/express 52ms (cache miss)
503 silly packumentCache full:https://registry.npmjs.org/express set size:undefined disposed:false
504 silly fetch manifest h3@*
505 silly packumentCache full:https://registry.npmjs.org/h3 cache-miss
506 http fetch GET 200 https://registry.npmjs.org/h3 50ms (cache miss)
507 silly packumentCache full:https://registry.npmjs.org/h3 set size:undefined disposed:false
508 silly fetch manifest crossws@^0.4.1
509 silly packumentCache full:https://registry.npmjs.org/crossws cache-miss
510 http fetch GET 200 https://registry.npmjs.org/crossws 35ms (cache miss)
511 silly packumentCache full:https://registry.npmjs.org/crossws set size:undefined disposed:false
512 silly fetch manifest srvx@>=0.11.5
513 silly packumentCache full:https://registry.npmjs.org/srvx cache-miss
514 http fetch GET 200 https://registry.npmjs.org/srvx 39ms (cache miss)
515 silly packumentCache full:https://registry.npmjs.org/srvx set size:undefined disposed:false
516 silly fetch manifest tailwindcss@^3.0.0 || ^4.0.0-beta.0
517 silly packumentCache full:https://registry.npmjs.org/tailwindcss cache-miss
518 http fetch GET 200 https://registry.npmjs.org/tailwindcss 242ms (cache miss)
519 silly packumentCache full:https://registry.npmjs.org/tailwindcss set size:undefined disposed:false
520 silly fetch manifest @types/node@^20.19.0 || >=22.12.0
521 silly packumentCache full:https://registry.npmjs.org/@types%2fnode cache-miss
522 http cache https://registry.npmjs.org/@types%2fnode 9ms (cache hit)
523 silly packumentCache full:https://registry.npmjs.org/@types%2fnode set size:10972342 disposed:false
524 silly fetch manifest jiti@>=1.21.0
525 silly packumentCache full:https://registry.npmjs.org/jiti cache-miss
526 http fetch GET 200 https://registry.npmjs.org/jiti 34ms (cache miss)
527 silly packumentCache full:https://registry.npmjs.org/jiti set size:undefined disposed:false
528 silly fetch manifest less@^4.0.0
529 silly packumentCache full:https://registry.npmjs.org/less cache-miss
530 http fetch GET 200 https://registry.npmjs.org/less 42ms (cache miss)
531 silly packumentCache full:https://registry.npmjs.org/less set size:undefined disposed:false
532 silly fetch manifest lightningcss@^1.21.0
533 silly packumentCache full:https://registry.npmjs.org/lightningcss cache-miss
534 http fetch GET 200 https://registry.npmjs.org/lightningcss 27ms (cache miss)
535 silly packumentCache full:https://registry.npmjs.org/lightningcss set size:undefined disposed:false
536 silly fetch manifest sass@^1.70.0
537 silly packumentCache full:https://registry.npmjs.org/sass cache-miss
538 http fetch GET 200 https://registry.npmjs.org/sass 38ms (cache miss)
539 silly packumentCache full:https://registry.npmjs.org/sass set size:undefined disposed:false
540 silly fetch manifest sass-embedded@^1.70.0
541 silly packumentCache full:https://registry.npmjs.org/sass-embedded cache-miss
542 http fetch GET 200 https://registry.npmjs.org/sass-embedded 44ms (cache miss)
543 silly packumentCache full:https://registry.npmjs.org/sass-embedded set size:undefined disposed:false
544 silly fetch manifest stylus@>=0.54.8
545 silly packumentCache full:https://registry.npmjs.org/stylus cache-miss
546 http fetch GET 200 https://registry.npmjs.org/stylus 46ms (cache miss)
547 silly packumentCache full:https://registry.npmjs.org/stylus set size:undefined disposed:false
548 silly fetch manifest sugarss@^5.0.0
549 silly packumentCache full:https://registry.npmjs.org/sugarss cache-miss
550 http fetch GET 200 https://registry.npmjs.org/sugarss 33ms (cache miss)
551 silly packumentCache full:https://registry.npmjs.org/sugarss set size:undefined disposed:false
552 silly fetch manifest postcss@^8.3.3
553 silly packumentCache full:https://registry.npmjs.org/postcss cache-miss
554 http fetch GET 200 https://registry.npmjs.org/postcss 51ms (cache miss)
555 silly packumentCache full:https://registry.npmjs.org/postcss set size:undefined disposed:false
556 silly fetch manifest terser@^5.16.0
557 silly packumentCache full:https://registry.npmjs.org/terser cache-miss
558 http fetch GET 200 https://registry.npmjs.org/terser 45ms (cache miss)
559 silly packumentCache full:https://registry.npmjs.org/terser set size:undefined disposed:false
560 silly fetch manifest tsx@^4.8.1
561 silly packumentCache full:https://registry.npmjs.org/tsx cache-miss
562 http fetch GET 200 https://registry.npmjs.org/tsx 25ms (cache miss)
563 silly packumentCache full:https://registry.npmjs.org/tsx set size:undefined disposed:false
564 silly fetch manifest yaml@^2.4.2
565 silly packumentCache full:https://registry.npmjs.org/yaml cache-miss
566 http fetch GET 200 https://registry.npmjs.org/yaml 50ms (cache miss)
567 silly packumentCache full:https://registry.npmjs.org/yaml set size:undefined disposed:false
568 silly placeDep ROOT @astrojs/compiler@4.0.0 OK for: astro@6.2.0 want: ^4.0.0
569 silly placeDep ROOT @astrojs/internal-helpers@0.9.0 OK for: astro@6.2.0 want: 0.9.0
570 silly placeDep ROOT @astrojs/markdown-remark@7.1.1 OK for: astro@6.2.0 want: 7.1.1
571 silly placeDep ROOT @astrojs/telemetry@3.3.1 OK for: astro@6.2.0 want: 3.3.1
572 silly placeDep ROOT @capsizecss/unpack@4.0.0 OK for: astro@6.2.0 want: ^4.0.0
573 silly placeDep ROOT @clack/prompts@1.3.0 OK for: astro@6.2.0 want: ^1.1.0
574 silly placeDep ROOT @oslojs/encoding@1.1.0 OK for: astro@6.2.0 want: ^1.1.0
575 silly placeDep ROOT @rollup/pluginutils@5.3.0 OK for: astro@6.2.0 want: ^5.3.0
576 silly placeDep ROOT aria-query@5.3.2 OK for: astro@6.2.0 want: ^5.3.2
577 silly placeDep ROOT axobject-query@4.1.0 OK for: astro@6.2.0 want: ^4.1.0
578 silly placeDep ROOT ci-info@4.4.0 OK for: astro@6.2.0 want: ^4.4.0
579 silly placeDep ROOT clsx@2.1.1 OK for: astro@6.2.0 want: ^2.1.1
580 silly placeDep ROOT common-ancestor-path@2.0.0 OK for: astro@6.2.0 want: ^2.0.0
581 silly placeDep ROOT cookie@1.1.1 OK for: astro@6.2.0 want: ^1.1.1
582 silly placeDep ROOT devalue@5.7.1 OK for: astro@6.2.0 want: ^5.6.3
583 silly placeDep ROOT diff@8.0.4 OK for: astro@6.2.0 want: ^8.0.3
584 silly placeDep ROOT dset@3.1.4 OK for: astro@6.2.0 want: ^3.1.4
585 silly placeDep ROOT es-module-lexer@2.1.0 OK for: astro@6.2.0 want: ^2.0.0
586 silly placeDep ROOT esbuild@0.27.7 OK for: astro@6.2.0 want: ^0.27.3
587 silly placeDep ROOT flattie@1.1.1 OK for: astro@6.2.0 want: ^1.1.1
588 silly placeDep ROOT fontace@0.4.1 OK for: astro@6.2.0 want: ~0.4.1
589 silly placeDep ROOT github-slugger@2.0.0 OK for: astro@6.2.0 want: ^2.0.0
590 silly placeDep ROOT html-escaper@3.0.3 OK for: astro@6.2.0 want: 3.0.3
591 silly placeDep ROOT http-cache-semantics@4.2.0 OK for: astro@6.2.0 want: ^4.2.0
592 silly placeDep ROOT js-yaml@4.1.1 OK for: astro@6.2.0 want: ^4.1.1
593 silly placeDep ROOT magic-string@0.30.21 OK for: astro@6.2.0 want: ^0.30.21
594 silly placeDep ROOT magicast@0.5.2 OK for: astro@6.2.0 want: ^0.5.2
595 silly placeDep ROOT mrmime@2.0.1 OK for: astro@6.2.0 want: ^2.0.1
596 silly placeDep ROOT neotraverse@0.6.18 OK for: astro@6.2.0 want: ^0.6.18
597 silly placeDep ROOT obug@2.1.1 OK for: astro@6.2.0 want: ^2.1.1
598 silly placeDep ROOT p-limit@7.3.0 OK for: astro@6.2.0 want: ^7.3.0
599 silly placeDep ROOT p-queue@9.2.0 OK for: astro@6.2.0 want: ^9.1.0
600 silly placeDep ROOT package-manager-detector@1.6.0 OK for: astro@6.2.0 want: ^1.6.0
601 silly placeDep ROOT piccolore@0.1.3 OK for: astro@6.2.0 want: ^0.1.3
602 silly placeDep ROOT picomatch@4.0.4 OK for: astro@6.2.0 want: ^4.0.4
603 silly placeDep ROOT rehype@13.0.2 OK for: astro@6.2.0 want: ^13.0.2
604 silly placeDep ROOT semver@7.7.4 OK for: astro@6.2.0 want: ^7.7.4
605 silly placeDep ROOT sharp@0.34.5 OK for: astro@6.2.0 want: ^0.34.0
606 silly placeDep ROOT shiki@4.0.2 OK for: astro@6.2.0 want: ^4.0.2
607 silly placeDep ROOT smol-toml@1.6.1 OK for: astro@6.2.0 want: ^1.6.0
608 silly placeDep ROOT svgo@4.0.1 OK for: astro@6.2.0 want: ^4.0.1
609 silly placeDep ROOT tinyclip@0.1.12 OK for: astro@6.2.0 want: ^0.1.12
610 silly placeDep ROOT tinyexec@1.1.2 OK for: astro@6.2.0 want: ^1.0.4
611 silly placeDep ROOT tinyglobby@0.2.16 OK for: astro@6.2.0 want: ^0.2.15
612 silly placeDep ROOT tsconfck@3.1.6 OK for: astro@6.2.0 want: ^3.1.6
613 silly placeDep ROOT ultrahtml@1.6.0 OK for: astro@6.2.0 want: ^1.6.0
614 silly placeDep ROOT unifont@0.7.4 OK for: astro@6.2.0 want: ~0.7.4
615 silly placeDep ROOT unist-util-visit@5.1.0 OK for: astro@6.2.0 want: ^5.1.0
616 silly placeDep ROOT unstorage@1.17.5 OK for: astro@6.2.0 want: ^1.17.5
617 silly placeDep ROOT vfile@6.0.3 OK for: astro@6.2.0 want: ^6.0.3
618 silly placeDep ROOT vite@7.3.2 OK for: astro@6.2.0 want: ^7.3.2
619 silly placeDep ROOT vitefu@1.1.3 OK for: astro@6.2.0 want: ^1.1.2
620 silly placeDep ROOT xxhash-wasm@1.1.0 OK for: astro@6.2.0 want: ^1.1.0
621 silly placeDep ROOT yargs-parser@22.0.0 OK for: astro@6.2.0 want: ^22.0.0
622 silly placeDep ROOT zod@4.4.1 OK for: astro@6.2.0 want: ^4.3.6
623 silly fetch manifest hast-util-from-html@^2.0.3
624 silly packumentCache full:https://registry.npmjs.org/hast-util-from-html cache-miss
625 silly fetch manifest hast-util-to-text@^4.0.2
626 silly packumentCache full:https://registry.npmjs.org/hast-util-to-text cache-miss
627 silly fetch manifest mdast-util-definitions@^6.0.0
628 silly packumentCache full:https://registry.npmjs.org/mdast-util-definitions cache-miss
629 silly fetch manifest rehype-raw@^7.0.0
630 silly packumentCache full:https://registry.npmjs.org/rehype-raw cache-miss
631 silly fetch manifest rehype-stringify@^10.0.1
632 silly packumentCache full:https://registry.npmjs.org/rehype-stringify cache-miss
633 silly fetch manifest remark-gfm@^4.0.1
634 silly packumentCache full:https://registry.npmjs.org/remark-gfm cache-miss
635 silly fetch manifest remark-parse@^11.0.0
636 silly packumentCache full:https://registry.npmjs.org/remark-parse cache-miss
637 silly fetch manifest remark-rehype@^11.1.2
638 silly packumentCache full:https://registry.npmjs.org/remark-rehype cache-miss
639 silly fetch manifest remark-smartypants@^3.0.2
640 silly packumentCache full:https://registry.npmjs.org/remark-smartypants cache-miss
641 http fetch GET 200 https://registry.npmjs.org/hast-util-to-text 26ms (cache miss)
642 silly packumentCache full:https://registry.npmjs.org/hast-util-to-text set size:undefined disposed:false
643 silly fetch manifest retext-smartypants@^6.2.0
644 silly packumentCache full:https://registry.npmjs.org/retext-smartypants cache-miss
645 http fetch GET 200 https://registry.npmjs.org/remark-rehype 27ms (cache miss)
646 silly packumentCache full:https://registry.npmjs.org/remark-rehype set size:undefined disposed:false
647 silly fetch manifest shiki@^4.0.0
648 silly packumentCache full:https://registry.npmjs.org/shiki cache-miss
649 http fetch GET 200 https://registry.npmjs.org/hast-util-from-html 29ms (cache miss)
650 silly packumentCache full:https://registry.npmjs.org/hast-util-from-html set size:undefined disposed:false
651 silly fetch manifest unified@^11.0.5
652 silly packumentCache full:https://registry.npmjs.org/unified cache-miss
653 http fetch GET 200 https://registry.npmjs.org/remark-parse 30ms (cache miss)
654 silly packumentCache full:https://registry.npmjs.org/remark-parse set size:undefined disposed:false
655 silly fetch manifest unist-util-remove-position@^5.0.0
656 silly packumentCache full:https://registry.npmjs.org/unist-util-remove-position cache-miss
657 http fetch GET 200 https://registry.npmjs.org/rehype-raw 31ms (cache miss)
658 silly packumentCache full:https://registry.npmjs.org/rehype-raw set size:undefined disposed:false
659 silly fetch manifest unist-util-visit-parents@^6.0.2
660 silly packumentCache full:https://registry.npmjs.org/unist-util-visit-parents cache-miss
661 http fetch GET 200 https://registry.npmjs.org/mdast-util-definitions 32ms (cache miss)
662 silly packumentCache full:https://registry.npmjs.org/mdast-util-definitions set size:undefined disposed:false
663 silly fetch manifest @astrojs/prism@4.0.1
664 silly packumentCache full:https://registry.npmjs.org/@astrojs%2fprism cache-miss
665 http cache https://registry.npmjs.org/shiki 5ms (cache hit)
666 silly packumentCache full:https://registry.npmjs.org/shiki set size:609021 disposed:false
667 silly fetch manifest dlv@^1.1.3
668 silly packumentCache full:https://registry.npmjs.org/dlv cache-miss
669 http fetch GET 200 https://registry.npmjs.org/remark-smartypants 36ms (cache miss)
670 silly packumentCache full:https://registry.npmjs.org/remark-smartypants set size:undefined disposed:false
671 silly fetch manifest is-docker@^4.0.0
672 silly packumentCache full:https://registry.npmjs.org/is-docker cache-miss
673 http fetch GET 200 https://registry.npmjs.org/rehype-stringify 37ms (cache miss)
674 silly packumentCache full:https://registry.npmjs.org/rehype-stringify set size:undefined disposed:false
675 silly fetch manifest is-wsl@^3.1.1
676 silly packumentCache full:https://registry.npmjs.org/is-wsl cache-miss
677 http fetch GET 200 https://registry.npmjs.org/remark-gfm 37ms (cache miss)
678 silly packumentCache full:https://registry.npmjs.org/remark-gfm set size:undefined disposed:false
679 silly fetch manifest which-pm-runs@^1.1.0
680 silly packumentCache full:https://registry.npmjs.org/which-pm-runs cache-miss
681 http fetch GET 200 https://registry.npmjs.org/unist-util-remove-position 24ms (cache miss)
682 silly packumentCache full:https://registry.npmjs.org/unist-util-remove-position set size:undefined disposed:false
683 silly fetch manifest fontkitten@^1.0.0
684 silly packumentCache full:https://registry.npmjs.org/fontkitten cache-miss
685 http fetch GET 200 https://registry.npmjs.org/unist-util-visit-parents 26ms (cache miss)
686 silly packumentCache full:https://registry.npmjs.org/unist-util-visit-parents set size:undefined disposed:false
687 silly fetch manifest fast-string-width@^3.0.2
688 silly packumentCache full:https://registry.npmjs.org/fast-string-width cache-miss
689 http fetch GET 200 https://registry.npmjs.org/retext-smartypants 35ms (cache miss)
690 silly packumentCache full:https://registry.npmjs.org/retext-smartypants set size:undefined disposed:false
691 silly fetch manifest fast-wrap-ansi@^0.2.0
692 silly packumentCache full:https://registry.npmjs.org/fast-wrap-ansi cache-miss
693 http fetch GET 200 https://registry.npmjs.org/is-wsl 26ms (cache miss)
694 silly packumentCache full:https://registry.npmjs.org/is-wsl set size:undefined disposed:false
695 silly fetch manifest sisteransi@^1.0.5
696 silly packumentCache full:https://registry.npmjs.org/sisteransi cache-miss
697 http fetch GET 200 https://registry.npmjs.org/unified 35ms (cache miss)
698 silly packumentCache full:https://registry.npmjs.org/unified set size:undefined disposed:false
699 silly fetch manifest @clack/core@1.3.0
700 silly packumentCache full:https://registry.npmjs.org/@clack%2fcore cache-miss
701 http fetch GET 200 https://registry.npmjs.org/which-pm-runs 28ms (cache miss)
702 silly packumentCache full:https://registry.npmjs.org/which-pm-runs set size:undefined disposed:false
703 silly fetch manifest @types/estree@^1.0.0
704 silly packumentCache full:https://registry.npmjs.org/@types%2festree cache-miss
705 http fetch GET 200 https://registry.npmjs.org/is-docker 38ms (cache miss)
706 silly packumentCache full:https://registry.npmjs.org/is-docker set size:undefined disposed:false
707 silly fetch manifest estree-walker@^2.0.2
708 silly packumentCache full:https://registry.npmjs.org/estree-walker cache-miss
709 http fetch GET 200 https://registry.npmjs.org/fontkitten 22ms (cache miss)
710 silly packumentCache full:https://registry.npmjs.org/fontkitten set size:undefined disposed:false
711 silly fetch manifest picomatch@^4.0.2
712 silly packumentCache full:https://registry.npmjs.org/picomatch cache-miss
713 http fetch GET 200 https://registry.npmjs.org/dlv 44ms (cache miss)
714 silly packumentCache full:https://registry.npmjs.org/dlv set size:undefined disposed:false
715 silly fetch manifest @esbuild/aix-ppc64@0.27.7
716 silly packumentCache full:https://registry.npmjs.org/@esbuild%2faix-ppc64 cache-miss
717 http fetch GET 200 https://registry.npmjs.org/@astrojs%2fprism 47ms (cache miss)
718 silly packumentCache full:https://registry.npmjs.org/@astrojs%2fprism set size:undefined disposed:false
719 silly fetch manifest @esbuild/linux-arm@0.27.7
720 silly packumentCache full:https://registry.npmjs.org/@esbuild%2flinux-arm cache-miss
721 http cache https://registry.npmjs.org/picomatch 3ms (cache hit)
722 silly packumentCache full:https://registry.npmjs.org/picomatch set size:126376 disposed:false
723 silly fetch manifest @esbuild/linux-x64@0.27.7
724 silly packumentCache full:https://registry.npmjs.org/@esbuild%2flinux-x64 cache-miss
725 http fetch GET 200 https://registry.npmjs.org/fast-string-width 25ms (cache miss)
726 silly packumentCache full:https://registry.npmjs.org/fast-string-width set size:undefined disposed:false
727 silly fetch manifest @esbuild/sunos-x64@0.27.7
728 silly packumentCache full:https://registry.npmjs.org/@esbuild%2fsunos-x64 cache-miss
729 http fetch GET 200 https://registry.npmjs.org/fast-wrap-ansi 21ms (cache miss)
730 silly packumentCache full:https://registry.npmjs.org/fast-wrap-ansi set size:undefined disposed:false
731 silly fetch manifest @esbuild/win32-x64@0.27.7
732 silly packumentCache full:https://registry.npmjs.org/@esbuild%2fwin32-x64 cache-miss
733 http fetch GET 200 https://registry.npmjs.org/sisteransi 24ms (cache miss)
734 silly packumentCache full:https://registry.npmjs.org/sisteransi set size:undefined disposed:false
735 silly fetch manifest @esbuild/darwin-x64@0.27.7
736 silly packumentCache full:https://registry.npmjs.org/@esbuild%2fdarwin-x64 cache-miss
737 http fetch GET 200 https://registry.npmjs.org/@types%2festree 37ms (cache miss)
738 silly packumentCache full:https://registry.npmjs.org/@types%2festree set size:undefined disposed:false
739 silly fetch manifest @esbuild/linux-ia32@0.27.7
740 silly packumentCache full:https://registry.npmjs.org/@esbuild%2flinux-ia32 cache-miss
741 http fetch GET 200 https://registry.npmjs.org/estree-walker 36ms (cache miss)
742 silly packumentCache full:https://registry.npmjs.org/estree-walker set size:undefined disposed:false
743 silly fetch manifest @esbuild/netbsd-x64@0.27.7
744 silly packumentCache full:https://registry.npmjs.org/@esbuild%2fnetbsd-x64 cache-miss
745 http fetch GET 200 https://registry.npmjs.org/@clack%2fcore 51ms (cache miss)
746 silly packumentCache full:https://registry.npmjs.org/@clack%2fcore set size:undefined disposed:false
747 silly fetch manifest @esbuild/win32-ia32@0.27.7
748 silly packumentCache full:https://registry.npmjs.org/@esbuild%2fwin32-ia32 cache-miss
749 http fetch GET 200 https://registry.npmjs.org/@esbuild%2flinux-x64 46ms (cache miss)
750 silly packumentCache full:https://registry.npmjs.org/@esbuild%2flinux-x64 set size:undefined disposed:false
751 silly fetch manifest @esbuild/android-arm@0.27.7
752 silly packumentCache full:https://registry.npmjs.org/@esbuild%2fandroid-arm cache-miss
753 http fetch GET 200 https://registry.npmjs.org/@esbuild%2fdarwin-x64 42ms (cache miss)
754 silly packumentCache full:https://registry.npmjs.org/@esbuild%2fdarwin-x64 set size:undefined disposed:false
755 silly fetch manifest @esbuild/android-x64@0.27.7
756 silly packumentCache full:https://registry.npmjs.org/@esbuild%2fandroid-x64 cache-miss
757 http fetch GET 200 https://registry.npmjs.org/@esbuild%2fwin32-x64 47ms (cache miss)
758 silly packumentCache full:https://registry.npmjs.org/@esbuild%2fwin32-x64 set size:undefined disposed:false
759 silly fetch manifest @esbuild/freebsd-x64@0.27.7
760 silly packumentCache full:https://registry.npmjs.org/@esbuild%2ffreebsd-x64 cache-miss
761 http fetch GET 200 https://registry.npmjs.org/@esbuild%2faix-ppc64 54ms (cache miss)
762 silly packumentCache full:https://registry.npmjs.org/@esbuild%2faix-ppc64 set size:undefined disposed:false
763 silly fetch manifest @esbuild/linux-arm64@0.27.7
764 silly packumentCache full:https://registry.npmjs.org/@esbuild%2flinux-arm64 cache-miss
765 http fetch GET 200 https://registry.npmjs.org/@esbuild%2flinux-arm 53ms (cache miss)
766 silly packumentCache full:https://registry.npmjs.org/@esbuild%2flinux-arm set size:undefined disposed:false
767 silly fetch manifest @esbuild/linux-ppc64@0.27.7
768 silly packumentCache full:https://registry.npmjs.org/@esbuild%2flinux-ppc64 cache-miss
769 http fetch GET 200 https://registry.npmjs.org/@esbuild%2fsunos-x64 52ms (cache miss)
770 silly packumentCache full:https://registry.npmjs.org/@esbuild%2fsunos-x64 set size:undefined disposed:false
771 silly fetch manifest @esbuild/linux-s390x@0.27.7
772 silly packumentCache full:https://registry.npmjs.org/@esbuild%2flinux-s390x cache-miss
773 http fetch GET 200 https://registry.npmjs.org/@esbuild%2flinux-ia32 45ms (cache miss)
774 silly packumentCache full:https://registry.npmjs.org/@esbuild%2flinux-ia32 set size:undefined disposed:false
775 silly fetch manifest @esbuild/openbsd-x64@0.27.7
776 silly packumentCache full:https://registry.npmjs.org/@esbuild%2fopenbsd-x64 cache-miss
777 http fetch GET 200 https://registry.npmjs.org/@esbuild%2fwin32-ia32 49ms (cache miss)
778 silly packumentCache full:https://registry.npmjs.org/@esbuild%2fwin32-ia32 set size:undefined disposed:false
779 silly fetch manifest @esbuild/win32-arm64@0.27.7
780 silly packumentCache full:https://registry.npmjs.org/@esbuild%2fwin32-arm64 cache-miss
781 http fetch GET 200 https://registry.npmjs.org/@esbuild%2ffreebsd-x64 37ms (cache miss)
782 silly packumentCache full:https://registry.npmjs.org/@esbuild%2ffreebsd-x64 set size:undefined disposed:false
783 silly fetch manifest @esbuild/darwin-arm64@0.27.7
784 silly packumentCache full:https://registry.npmjs.org/@esbuild%2fdarwin-arm64 cache-miss
785 http fetch GET 200 https://registry.npmjs.org/@esbuild%2flinux-s390x 37ms (cache miss)
786 silly packumentCache full:https://registry.npmjs.org/@esbuild%2flinux-s390x set size:undefined disposed:false
787 silly fetch manifest @esbuild/netbsd-arm64@0.27.7
788 silly packumentCache full:https://registry.npmjs.org/@esbuild%2fnetbsd-arm64 cache-miss
789 http fetch GET 200 https://registry.npmjs.org/@esbuild%2fandroid-arm 48ms (cache miss)
790 silly packumentCache full:https://registry.npmjs.org/@esbuild%2fandroid-arm set size:undefined disposed:false
791 silly fetch manifest @esbuild/android-arm64@0.27.7
792 silly packumentCache full:https://registry.npmjs.org/@esbuild%2fandroid-arm64 cache-miss
793 http fetch GET 200 https://registry.npmjs.org/@esbuild%2fandroid-x64 52ms (cache miss)
794 silly packumentCache full:https://registry.npmjs.org/@esbuild%2fandroid-x64 set size:undefined disposed:false
795 silly fetch manifest @esbuild/freebsd-arm64@0.27.7
796 silly packumentCache full:https://registry.npmjs.org/@esbuild%2ffreebsd-arm64 cache-miss
797 http fetch GET 200 https://registry.npmjs.org/@esbuild%2flinux-ppc64 56ms (cache miss)
798 silly packumentCache full:https://registry.npmjs.org/@esbuild%2flinux-ppc64 set size:undefined disposed:false
799 silly fetch manifest @esbuild/linux-loong64@0.27.7
800 silly packumentCache full:https://registry.npmjs.org/@esbuild%2flinux-loong64 cache-miss
801 http fetch GET 200 https://registry.npmjs.org/@esbuild%2flinux-arm64 58ms (cache miss)
802 silly packumentCache full:https://registry.npmjs.org/@esbuild%2flinux-arm64 set size:undefined disposed:false
803 silly fetch manifest @esbuild/linux-riscv64@0.27.7
804 silly packumentCache full:https://registry.npmjs.org/@esbuild%2flinux-riscv64 cache-miss
805 http fetch GET 200 https://registry.npmjs.org/@esbuild%2fnetbsd-x64 82ms (cache miss)
806 silly packumentCache full:https://registry.npmjs.org/@esbuild%2fnetbsd-x64 set size:undefined disposed:false
807 silly fetch manifest @esbuild/openbsd-arm64@0.27.7
808 silly packumentCache full:https://registry.npmjs.org/@esbuild%2fopenbsd-arm64 cache-miss
809 http fetch GET 200 https://registry.npmjs.org/@esbuild%2fopenbsd-x64 52ms (cache miss)
810 silly packumentCache full:https://registry.npmjs.org/@esbuild%2fopenbsd-x64 set size:undefined disposed:false
811 silly fetch manifest @esbuild/linux-mips64el@0.27.7
812 silly packumentCache full:https://registry.npmjs.org/@esbuild%2flinux-mips64el cache-miss
813 http fetch GET 200 https://registry.npmjs.org/@esbuild%2fnetbsd-arm64 32ms (cache miss)
814 silly packumentCache full:https://registry.npmjs.org/@esbuild%2fnetbsd-arm64 set size:undefined disposed:false
815 silly fetch manifest @esbuild/openharmony-arm64@0.27.7
816 silly packumentCache full:https://registry.npmjs.org/@esbuild%2fopenharmony-arm64 cache-miss
817 http fetch GET 200 https://registry.npmjs.org/@esbuild%2fdarwin-arm64 35ms (cache miss)
818 silly packumentCache full:https://registry.npmjs.org/@esbuild%2fdarwin-arm64 set size:undefined disposed:false
819 silly fetch manifest fontkitten@^1.0.2
820 silly packumentCache full:https://registry.npmjs.org/fontkitten cache-miss
821 http cache https://registry.npmjs.org/fontkitten 0ms (cache hit)
822 silly packumentCache full:https://registry.npmjs.org/fontkitten set size:43549 disposed:false
823 silly fetch manifest argparse@^2.0.1
824 silly packumentCache full:https://registry.npmjs.org/argparse cache-miss
825 http fetch GET 200 https://registry.npmjs.org/@esbuild%2fwin32-arm64 49ms (cache miss)
826 silly packumentCache full:https://registry.npmjs.org/@esbuild%2fwin32-arm64 set size:undefined disposed:false
827 silly fetch manifest @jridgewell/sourcemap-codec@^1.5.5
828 silly packumentCache full:https://registry.npmjs.org/@jridgewell%2fsourcemap-codec cache-miss
829 http fetch GET 200 https://registry.npmjs.org/@esbuild%2fandroid-arm64 46ms (cache miss)
830 silly packumentCache full:https://registry.npmjs.org/@esbuild%2fandroid-arm64 set size:undefined disposed:false
831 silly fetch manifest @babel/parser@^7.29.0
832 silly packumentCache full:https://registry.npmjs.org/@babel%2fparser cache-miss
833 http fetch GET 200 https://registry.npmjs.org/argparse 22ms (cache miss)
834 silly packumentCache full:https://registry.npmjs.org/argparse set size:undefined disposed:false
835 silly fetch manifest @babel/types@^7.29.0
836 silly packumentCache full:https://registry.npmjs.org/@babel%2ftypes cache-miss
837 http fetch GET 200 https://registry.npmjs.org/@esbuild%2ffreebsd-arm64 47ms (cache miss)
838 silly packumentCache full:https://registry.npmjs.org/@esbuild%2ffreebsd-arm64 set size:undefined disposed:false
839 silly fetch manifest source-map-js@^1.2.1
840 silly packumentCache full:https://registry.npmjs.org/source-map-js cache-miss
841 http fetch GET 200 https://registry.npmjs.org/@esbuild%2fopenharmony-arm64 33ms (cache miss)
842 silly packumentCache full:https://registry.npmjs.org/@esbuild%2fopenharmony-arm64 set size:undefined disposed:false
843 silly fetch manifest yocto-queue@^1.2.1
844 silly packumentCache full:https://registry.npmjs.org/yocto-queue cache-miss
845 http fetch GET 200 https://registry.npmjs.org/@esbuild%2flinux-loong64 53ms (cache miss)
846 silly packumentCache full:https://registry.npmjs.org/@esbuild%2flinux-loong64 set size:undefined disposed:false
847 silly fetch manifest eventemitter3@^5.0.4
848 silly packumentCache full:https://registry.npmjs.org/eventemitter3 cache-miss
849 http fetch GET 200 https://registry.npmjs.org/@esbuild%2flinux-mips64el 51ms (cache miss)
850 silly packumentCache full:https://registry.npmjs.org/@esbuild%2flinux-mips64el set size:undefined disposed:false
851 silly fetch manifest p-timeout@^7.0.0
852 silly packumentCache full:https://registry.npmjs.org/p-timeout cache-miss
853 http fetch GET 200 https://registry.npmjs.org/source-map-js 24ms (cache miss)
854 silly packumentCache full:https://registry.npmjs.org/source-map-js set size:undefined disposed:false
855 silly fetch manifest @types/hast@^3.0.0
856 silly packumentCache full:https://registry.npmjs.org/@types%2fhast cache-miss
857 http fetch GET 200 https://registry.npmjs.org/yocto-queue 21ms (cache miss)
858 silly packumentCache full:https://registry.npmjs.org/yocto-queue set size:undefined disposed:false
859 silly fetch manifest rehype-parse@^9.0.0
860 silly packumentCache full:https://registry.npmjs.org/rehype-parse cache-miss
861 http fetch GET 200 https://registry.npmjs.org/@jridgewell%2fsourcemap-codec 45ms (cache miss)
862 silly packumentCache full:https://registry.npmjs.org/@jridgewell%2fsourcemap-codec set size:undefined disposed:false
863 silly fetch manifest rehype-stringify@^10.0.0
864 silly packumentCache full:https://registry.npmjs.org/rehype-stringify cache-miss
865 http cache https://registry.npmjs.org/rehype-stringify 0ms (cache hit)
866 silly packumentCache full:https://registry.npmjs.org/rehype-stringify set size:58160 disposed:false
867 silly fetch manifest unified@^11.0.0
868 silly packumentCache full:https://registry.npmjs.org/unified cache-miss
869 http cache https://registry.npmjs.org/unified 0ms (cache hit)
870 silly packumentCache full:https://registry.npmjs.org/unified set size:321787 disposed:false
871 silly fetch manifest @img/colour@^1.0.0
872 silly packumentCache full:https://registry.npmjs.org/@img%2fcolour cache-miss
873 http fetch GET 200 https://registry.npmjs.org/@babel%2ftypes 38ms (cache miss)
874 silly packumentCache full:https://registry.npmjs.org/@babel%2ftypes set size:undefined disposed:false
875 silly fetch manifest detect-libc@^2.1.2
876 silly packumentCache full:https://registry.npmjs.org/detect-libc cache-miss
877 http fetch GET 200 https://registry.npmjs.org/@esbuild%2fopenbsd-arm64 76ms (cache miss)
878 silly packumentCache full:https://registry.npmjs.org/@esbuild%2fopenbsd-arm64 set size:undefined disposed:false
879 silly fetch manifest @img/sharp-wasm32@0.34.5
880 silly packumentCache full:https://registry.npmjs.org/@img%2fsharp-wasm32 cache-miss
881 http fetch GET 200 https://registry.npmjs.org/eventemitter3 30ms (cache miss)
882 silly packumentCache full:https://registry.npmjs.org/eventemitter3 set size:undefined disposed:false
883 silly fetch manifest @img/sharp-linux-arm@0.34.5
884 silly packumentCache full:https://registry.npmjs.org/@img%2fsharp-linux-arm cache-miss
885 http fetch GET 200 https://registry.npmjs.org/rehype-parse 23ms (cache miss)
886 silly packumentCache full:https://registry.npmjs.org/rehype-parse set size:undefined disposed:false
887 silly fetch manifest @img/sharp-linux-x64@0.34.5
888 silly packumentCache full:https://registry.npmjs.org/@img%2fsharp-linux-x64 cache-miss
889 http fetch GET 200 https://registry.npmjs.org/p-timeout 29ms (cache miss)
890 silly packumentCache full:https://registry.npmjs.org/p-timeout set size:undefined disposed:false
891 silly fetch manifest @img/sharp-win32-x64@0.34.5
892 silly packumentCache full:https://registry.npmjs.org/@img%2fsharp-win32-x64 cache-miss
893 http fetch GET 200 https://registry.npmjs.org/@babel%2fparser 61ms (cache miss)
894 silly packumentCache full:https://registry.npmjs.org/@babel%2fparser set size:undefined disposed:false
895 silly fetch manifest @img/sharp-darwin-x64@0.34.5
896 silly packumentCache full:https://registry.npmjs.org/@img%2fsharp-darwin-x64 cache-miss
897 http fetch GET 200 https://registry.npmjs.org/@types%2fhast 33ms (cache miss)
898 silly packumentCache full:https://registry.npmjs.org/@types%2fhast set size:undefined disposed:false
899 silly fetch manifest @img/sharp-win32-ia32@0.34.5
900 silly packumentCache full:https://registry.npmjs.org/@img%2fsharp-win32-ia32 cache-miss
901 http fetch GET 200 https://registry.npmjs.org/detect-libc 22ms (cache miss)
902 silly packumentCache full:https://registry.npmjs.org/detect-libc set size:undefined disposed:false
903 silly fetch manifest @img/sharp-linux-arm64@0.34.5
904 silly packumentCache full:https://registry.npmjs.org/@img%2fsharp-linux-arm64 cache-miss
905 http fetch GET 200 https://registry.npmjs.org/@esbuild%2flinux-riscv64 97ms (cache miss)
906 silly packumentCache full:https://registry.npmjs.org/@esbuild%2flinux-riscv64 set size:undefined disposed:false
907 silly fetch manifest @img/sharp-linux-ppc64@0.34.5
908 silly packumentCache full:https://registry.npmjs.org/@img%2fsharp-linux-ppc64 cache-miss
909 http fetch GET 200 https://registry.npmjs.org/@img%2fsharp-linux-x64 31ms (cache miss)
910 silly packumentCache full:https://registry.npmjs.org/@img%2fsharp-linux-x64 set size:undefined disposed:false
911 silly fetch manifest @img/sharp-linux-s390x@0.34.5
912 silly packumentCache full:https://registry.npmjs.org/@img%2fsharp-linux-s390x cache-miss
913 http fetch GET 200 https://registry.npmjs.org/@img%2fcolour 53ms (cache miss)
914 silly packumentCache full:https://registry.npmjs.org/@img%2fcolour set size:undefined disposed:false
915 silly fetch manifest @img/sharp-win32-arm64@0.34.5
916 silly packumentCache full:https://registry.npmjs.org/@img%2fsharp-win32-arm64 cache-miss
917 http fetch GET 200 https://registry.npmjs.org/@img%2fsharp-linux-arm 48ms (cache miss)
918 silly packumentCache full:https://registry.npmjs.org/@img%2fsharp-linux-arm set size:undefined disposed:false
919 silly fetch manifest @img/sharp-darwin-arm64@0.34.5
920 silly packumentCache full:https://registry.npmjs.org/@img%2fsharp-darwin-arm64 cache-miss
921 http fetch GET 200 https://registry.npmjs.org/@img%2fsharp-linux-arm64 35ms (cache miss)
922 silly packumentCache full:https://registry.npmjs.org/@img%2fsharp-linux-arm64 set size:undefined disposed:false
923 silly fetch manifest @img/sharp-linux-riscv64@0.34.5
924 silly packumentCache full:https://registry.npmjs.org/@img%2fsharp-linux-riscv64 cache-miss
925 http fetch GET 200 https://registry.npmjs.org/@img%2fsharp-win32-ia32 36ms (cache miss)
926 silly packumentCache full:https://registry.npmjs.org/@img%2fsharp-win32-ia32 set size:undefined disposed:false
927 silly fetch manifest @img/sharp-linuxmusl-x64@0.34.5
928 silly packumentCache full:https://registry.npmjs.org/@img%2fsharp-linuxmusl-x64 cache-miss
929 http fetch GET 200 https://registry.npmjs.org/@img%2fsharp-wasm32 55ms (cache miss)
930 silly packumentCache full:https://registry.npmjs.org/@img%2fsharp-wasm32 set size:undefined disposed:false
931 silly fetch manifest @img/sharp-linuxmusl-arm64@0.34.5
932 silly packumentCache full:https://registry.npmjs.org/@img%2fsharp-linuxmusl-arm64 cache-miss
933 http fetch GET 200 https://registry.npmjs.org/@img%2fsharp-darwin-x64 42ms (cache miss)
934 silly packumentCache full:https://registry.npmjs.org/@img%2fsharp-darwin-x64 set size:undefined disposed:false
935 silly fetch manifest @img/sharp-libvips-linux-arm@1.2.4
936 silly packumentCache full:https://registry.npmjs.org/@img%2fsharp-libvips-linux-arm cache-miss
937 http fetch GET 200 https://registry.npmjs.org/@img%2fsharp-win32-x64 55ms (cache miss)
938 silly packumentCache full:https://registry.npmjs.org/@img%2fsharp-win32-x64 set size:undefined disposed:false
939 silly fetch manifest @img/sharp-libvips-linux-x64@1.2.4
940 silly packumentCache full:https://registry.npmjs.org/@img%2fsharp-libvips-linux-x64 cache-miss
941 http fetch GET 200 https://registry.npmjs.org/@img%2fsharp-linux-ppc64 49ms (cache miss)
942 silly packumentCache full:https://registry.npmjs.org/@img%2fsharp-linux-ppc64 set size:undefined disposed:false
943 silly fetch manifest @img/sharp-libvips-darwin-x64@1.2.4
944 silly packumentCache full:https://registry.npmjs.org/@img%2fsharp-libvips-darwin-x64 cache-miss
945 http fetch GET 200 https://registry.npmjs.org/@img%2fsharp-linux-s390x 34ms (cache miss)
946 silly packumentCache full:https://registry.npmjs.org/@img%2fsharp-linux-s390x set size:undefined disposed:false
947 silly fetch manifest @img/sharp-libvips-linux-arm64@1.2.4
948 silly packumentCache full:https://registry.npmjs.org/@img%2fsharp-libvips-linux-arm64 cache-miss
949 http fetch GET 200 https://registry.npmjs.org/@img%2fsharp-linux-riscv64 34ms (cache miss)
950 silly packumentCache full:https://registry.npmjs.org/@img%2fsharp-linux-riscv64 set size:undefined disposed:false
951 silly fetch manifest @img/sharp-libvips-linux-ppc64@1.2.4
952 silly packumentCache full:https://registry.npmjs.org/@img%2fsharp-libvips-linux-ppc64 cache-miss
953 http fetch GET 200 https://registry.npmjs.org/@img%2fsharp-linuxmusl-x64 40ms (cache miss)
954 silly packumentCache full:https://registry.npmjs.org/@img%2fsharp-linuxmusl-x64 set size:undefined disposed:false
955 silly fetch manifest @img/sharp-libvips-linux-s390x@1.2.4
956 silly packumentCache full:https://registry.npmjs.org/@img%2fsharp-libvips-linux-s390x cache-miss
957 http fetch GET 200 https://registry.npmjs.org/@img%2fsharp-win32-arm64 50ms (cache miss)
958 silly packumentCache full:https://registry.npmjs.org/@img%2fsharp-win32-arm64 set size:undefined disposed:false
959 silly fetch manifest @img/sharp-libvips-darwin-arm64@1.2.4
960 silly packumentCache full:https://registry.npmjs.org/@img%2fsharp-libvips-darwin-arm64 cache-miss
961 http fetch GET 200 https://registry.npmjs.org/@img%2fsharp-linuxmusl-arm64 46ms (cache miss)
962 silly packumentCache full:https://registry.npmjs.org/@img%2fsharp-linuxmusl-arm64 set size:undefined disposed:false
963 silly fetch manifest @img/sharp-libvips-linux-riscv64@1.2.4
964 silly packumentCache full:https://registry.npmjs.org/@img%2fsharp-libvips-linux-riscv64 cache-miss
965 http fetch GET 200 https://registry.npmjs.org/@img%2fsharp-libvips-linux-arm 45ms (cache miss)
966 silly packumentCache full:https://registry.npmjs.org/@img%2fsharp-libvips-linux-arm set size:undefined disposed:false
967 silly fetch manifest @img/sharp-libvips-linuxmusl-x64@1.2.4
968 silly packumentCache full:https://registry.npmjs.org/@img%2fsharp-libvips-linuxmusl-x64 cache-miss
969 http fetch GET 200 https://registry.npmjs.org/@img%2fsharp-libvips-linux-arm64 32ms (cache miss)
970 silly packumentCache full:https://registry.npmjs.org/@img%2fsharp-libvips-linux-arm64 set size:undefined disposed:false
971 silly fetch manifest @img/sharp-libvips-linuxmusl-arm64@1.2.4
972 silly packumentCache full:https://registry.npmjs.org/@img%2fsharp-libvips-linuxmusl-arm64 cache-miss
973 http fetch GET 200 https://registry.npmjs.org/@img%2fsharp-libvips-linux-ppc64 39ms (cache miss)
974 silly packumentCache full:https://registry.npmjs.org/@img%2fsharp-libvips-linux-ppc64 set size:undefined disposed:false
975 silly fetch manifest @shikijs/vscode-textmate@^10.0.2
976 silly packumentCache full:https://registry.npmjs.org/@shikijs%2fvscode-textmate cache-miss
977 http fetch GET 200 https://registry.npmjs.org/@img%2fsharp-libvips-linux-s390x 35ms (cache miss)
978 silly packumentCache full:https://registry.npmjs.org/@img%2fsharp-libvips-linux-s390x set size:undefined disposed:false
979 silly fetch manifest @types/hast@^3.0.4
980 silly packumentCache full:https://registry.npmjs.org/@types%2fhast cache-miss
981 http cache https://registry.npmjs.org/@types%2fhast 1ms (cache hit)
982 silly packumentCache full:https://registry.npmjs.org/@types%2fhast set size:32563 disposed:false
983 silly fetch manifest @shikijs/core@4.0.2
984 silly packumentCache full:https://registry.npmjs.org/@shikijs%2fcore cache-miss
985 http fetch GET 200 https://registry.npmjs.org/@img%2fsharp-libvips-linux-x64 71ms (cache miss)
986 silly packumentCache full:https://registry.npmjs.org/@img%2fsharp-libvips-linux-x64 set size:undefined disposed:false
987 silly fetch manifest @shikijs/themes@4.0.2
988 silly packumentCache full:https://registry.npmjs.org/@shikijs%2fthemes cache-miss
989 http fetch GET 200 https://registry.npmjs.org/@img%2fsharp-libvips-darwin-arm64 48ms (cache miss)
990 silly packumentCache full:https://registry.npmjs.org/@img%2fsharp-libvips-darwin-arm64 set size:undefined disposed:false
991 silly fetch manifest @shikijs/engine-oniguruma@4.0.2
992 silly packumentCache full:https://registry.npmjs.org/@shikijs%2fengine-oniguruma cache-miss
993 http fetch GET 200 https://registry.npmjs.org/@img%2fsharp-libvips-linux-riscv64 43ms (cache miss)
994 silly packumentCache full:https://registry.npmjs.org/@img%2fsharp-libvips-linux-riscv64 set size:undefined disposed:false
995 silly fetch manifest @shikijs/langs@4.0.2
996 silly packumentCache full:https://registry.npmjs.org/@shikijs%2flangs cache-miss
997 http fetch GET 200 https://registry.npmjs.org/@img%2fsharp-libvips-linuxmusl-x64 46ms (cache miss)
998 silly packumentCache full:https://registry.npmjs.org/@img%2fsharp-libvips-linuxmusl-x64 set size:undefined disposed:false
999 silly fetch manifest @shikijs/engine-javascript@4.0.2
1000 silly packumentCache full:https://registry.npmjs.org/@shikijs%2fengine-javascript cache-miss
1001 http fetch GET 200 https://registry.npmjs.org/@img%2fsharp-libvips-linuxmusl-arm64 41ms (cache miss)
1002 silly packumentCache full:https://registry.npmjs.org/@img%2fsharp-libvips-linuxmusl-arm64 set size:undefined disposed:false
1003 silly fetch manifest @shikijs/types@4.0.2
1004 silly packumentCache full:https://registry.npmjs.org/@shikijs%2ftypes cache-miss
1005 http fetch GET 200 https://registry.npmjs.org/@img%2fsharp-darwin-arm64 105ms (cache miss)
1006 silly packumentCache full:https://registry.npmjs.org/@img%2fsharp-darwin-arm64 set size:undefined disposed:false
1007 silly fetch manifest sax@^1.5.0
1008 silly packumentCache full:https://registry.npmjs.org/sax cache-miss
1009 http fetch GET 200 https://registry.npmjs.org/@shikijs%2fvscode-textmate 46ms (cache miss)
1010 silly packumentCache full:https://registry.npmjs.org/@shikijs%2fvscode-textmate set size:undefined disposed:false
1011 silly fetch manifest csso@^5.0.5
1012 silly packumentCache full:https://registry.npmjs.org/csso cache-miss
1013 http fetch GET 200 https://registry.npmjs.org/@shikijs%2fcore 44ms (cache miss)
1014 silly packumentCache full:https://registry.npmjs.org/@shikijs%2fcore set size:undefined disposed:false
1015 silly fetch manifest css-tree@^3.0.1
1016 silly packumentCache full:https://registry.npmjs.org/css-tree cache-miss
1017 http fetch GET 200 https://registry.npmjs.org/sax 26ms (cache miss)
1018 silly packumentCache full:https://registry.npmjs.org/sax set size:undefined disposed:false
1019 silly fetch manifest css-what@^6.1.0
1020 silly packumentCache full:https://registry.npmjs.org/css-what cache-miss
1021 http fetch GET 200 https://registry.npmjs.org/@shikijs%2fthemes 49ms (cache miss)
1022 silly packumentCache full:https://registry.npmjs.org/@shikijs%2fthemes set size:undefined disposed:false
1023 silly fetch manifest commander@^11.1.0
1024 silly packumentCache full:https://registry.npmjs.org/commander cache-miss
1025 http fetch GET 200 https://registry.npmjs.org/@shikijs%2fengine-oniguruma 47ms (cache miss)
1026 silly packumentCache full:https://registry.npmjs.org/@shikijs%2fengine-oniguruma set size:undefined disposed:false
1027 silly fetch manifest css-select@^5.1.0
1028 silly packumentCache full:https://registry.npmjs.org/css-select cache-miss
1029 http fetch GET 200 https://registry.npmjs.org/css-tree 23ms (cache miss)
1030 silly packumentCache full:https://registry.npmjs.org/css-tree set size:undefined disposed:false
1031 silly fetch manifest picocolors@^1.1.1
1032 silly packumentCache full:https://registry.npmjs.org/picocolors cache-miss
1033 http fetch GET 200 https://registry.npmjs.org/@img%2fsharp-libvips-darwin-x64 131ms (cache miss)
1034 silly packumentCache full:https://registry.npmjs.org/@img%2fsharp-libvips-darwin-x64 set size:undefined disposed:false
1035 silly fetch manifest fdir@^6.5.0
1036 silly packumentCache full:https://registry.npmjs.org/fdir cache-miss
1037 http fetch GET 200 https://registry.npmjs.org/csso 29ms (cache miss)
1038 silly packumentCache full:https://registry.npmjs.org/csso set size:undefined disposed:false
1039 silly fetch manifest css-tree@^3.1.0
1040 silly packumentCache full:https://registry.npmjs.org/css-tree cache-miss
1041 http cache https://registry.npmjs.org/css-tree 1ms (cache hit)
1042 silly packumentCache full:https://registry.npmjs.org/css-tree set size:229638 disposed:false
1043 silly fetch manifest ofetch@^1.5.1
1044 silly packumentCache full:https://registry.npmjs.org/ofetch cache-miss
1045 http fetch GET 200 https://registry.npmjs.org/@shikijs%2ftypes 54ms (cache miss)
1046 silly packumentCache full:https://registry.npmjs.org/@shikijs%2ftypes set size:undefined disposed:false
1047 silly fetch manifest ohash@^2.0.11
1048 silly packumentCache full:https://registry.npmjs.org/ohash cache-miss
1049 http fetch GET 200 https://registry.npmjs.org/@shikijs%2flangs 61ms (cache miss)
1050 silly packumentCache full:https://registry.npmjs.org/@shikijs%2flangs set size:undefined disposed:false
1051 silly fetch manifest @types/unist@^3.0.0
1052 silly packumentCache full:https://registry.npmjs.org/@types%2funist cache-miss
1053 http fetch GET 200 https://registry.npmjs.org/css-what 26ms (cache miss)
1054 silly packumentCache full:https://registry.npmjs.org/css-what set size:undefined disposed:false
1055 silly fetch manifest unist-util-is@^6.0.0
1056 silly packumentCache full:https://registry.npmjs.org/unist-util-is cache-miss
1057 http fetch GET 200 https://registry.npmjs.org/picocolors 20ms (cache miss)
1058 silly packumentCache full:https://registry.npmjs.org/picocolors set size:undefined disposed:false
1059 silly fetch manifest unist-util-visit-parents@^6.0.0
1060 silly packumentCache full:https://registry.npmjs.org/unist-util-visit-parents cache-miss
1061 http cache https://registry.npmjs.org/unist-util-visit-parents 1ms (cache hit)
1062 silly packumentCache full:https://registry.npmjs.org/unist-util-visit-parents set size:103476 disposed:false
1063 silly fetch manifest anymatch@^3.1.3
1064 silly packumentCache full:https://registry.npmjs.org/anymatch cache-miss
1065 http fetch GET 200 https://registry.npmjs.org/css-select 33ms (cache miss)
1066 silly packumentCache full:https://registry.npmjs.org/css-select set size:undefined disposed:false
1067 silly fetch manifest chokidar@^5.0.0
1068 silly packumentCache full:https://registry.npmjs.org/chokidar cache-miss
1069 http fetch GET 200 https://registry.npmjs.org/commander 36ms (cache miss)
1070 silly packumentCache full:https://registry.npmjs.org/commander set size:undefined disposed:false
1071 silly fetch manifest destr@^2.0.5
1072 silly packumentCache full:https://registry.npmjs.org/destr cache-miss
1073 http fetch GET 200 https://registry.npmjs.org/fdir 27ms (cache miss)
1074 silly packumentCache full:https://registry.npmjs.org/fdir set size:undefined disposed:false
1075 silly fetch manifest h3@^1.15.10
1076 silly packumentCache full:https://registry.npmjs.org/h3 cache-miss
1077 http cache https://registry.npmjs.org/h3 1ms (cache hit)
1078 silly packumentCache full:https://registry.npmjs.org/h3 set size:449649 disposed:false
1079 silly fetch manifest lru-cache@^11.2.7
1080 silly packumentCache full:https://registry.npmjs.org/lru-cache cache-miss
1081 http fetch GET 200 https://registry.npmjs.org/ofetch 26ms (cache miss)
1082 silly packumentCache full:https://registry.npmjs.org/ofetch set size:undefined disposed:false
1083 silly fetch manifest node-fetch-native@^1.6.7
1084 silly packumentCache full:https://registry.npmjs.org/node-fetch-native cache-miss
1085 http fetch GET 200 https://registry.npmjs.org/@types%2funist 28ms (cache miss)
1086 silly packumentCache full:https://registry.npmjs.org/@types%2funist set size:undefined disposed:false
1087 silly fetch manifest ufo@^1.6.3
1088 silly packumentCache full:https://registry.npmjs.org/ufo cache-miss
1089 http fetch GET 200 https://registry.npmjs.org/ohash 34ms (cache miss)
1090 silly packumentCache full:https://registry.npmjs.org/ohash set size:undefined disposed:false
1091 silly fetch manifest vfile-message@^4.0.0
1092 silly packumentCache full:https://registry.npmjs.org/vfile-message cache-miss
1093 http fetch GET 200 https://registry.npmjs.org/unist-util-is 32ms (cache miss)
1094 silly packumentCache full:https://registry.npmjs.org/unist-util-is set size:undefined disposed:false
1095 silly fetch manifest rollup@^4.43.0
1096 silly packumentCache full:https://registry.npmjs.org/rollup cache-miss
1097 http fetch GET 200 https://registry.npmjs.org/anymatch 23ms (cache miss)
1098 silly packumentCache full:https://registry.npmjs.org/anymatch set size:undefined disposed:false
1099 silly fetch manifest postcss@^8.5.6
1100 silly packumentCache full:https://registry.npmjs.org/postcss cache-miss
1101 http cache https://registry.npmjs.org/postcss 1ms (cache hit)
1102 silly packumentCache full:https://registry.npmjs.org/postcss set size:714272 disposed:false
1103 silly fetch manifest fsevents@~2.3.3
1104 silly packumentCache full:https://registry.npmjs.org/fsevents cache-miss
1105 http cache https://registry.npmjs.org/rollup 15ms (cache hit)
1106 silly packumentCache full:https://registry.npmjs.org/rollup set size:6169575 disposed:false
1107 http fetch GET 200 https://registry.npmjs.org/destr 56ms (cache miss)
1108 silly packumentCache full:https://registry.npmjs.org/destr set size:undefined disposed:false
1109 http fetch GET 200 https://registry.npmjs.org/vfile-message 44ms (cache miss)
1110 silly packumentCache full:https://registry.npmjs.org/vfile-message set size:undefined disposed:false
1111 http fetch GET 200 https://registry.npmjs.org/node-fetch-native 52ms (cache miss)
1112 silly packumentCache full:https://registry.npmjs.org/node-fetch-native set size:undefined disposed:false
1113 http fetch GET 200 https://registry.npmjs.org/ufo 47ms (cache miss)
1114 silly packumentCache full:https://registry.npmjs.org/ufo set size:undefined disposed:false
1115 http fetch GET 200 https://registry.npmjs.org/chokidar 62ms (cache miss)
1116 silly packumentCache full:https://registry.npmjs.org/chokidar set size:undefined disposed:false
1117 http fetch GET 200 https://registry.npmjs.org/fsevents 40ms (cache miss)
1118 silly packumentCache full:https://registry.npmjs.org/fsevents set size:undefined disposed:false
1119 http fetch GET 200 https://registry.npmjs.org/lru-cache 58ms (cache miss)
1120 silly packumentCache full:https://registry.npmjs.org/lru-cache set size:undefined disposed:false
1121 http fetch GET 200 https://registry.npmjs.org/@shikijs%2fengine-javascript 231ms (cache miss)
1122 silly packumentCache full:https://registry.npmjs.org/@shikijs%2fengine-javascript set size:undefined disposed:false
1123 silly placeDep ROOT @astrojs/prism@4.0.1 OK for: @astrojs/markdown-remark@7.1.1 want: 4.0.1
1124 silly placeDep ROOT hast-util-from-html@2.0.3 OK for: @astrojs/markdown-remark@7.1.1 want: ^2.0.3
1125 silly placeDep ROOT hast-util-to-text@4.0.2 OK for: @astrojs/markdown-remark@7.1.1 want: ^4.0.2
1126 silly placeDep ROOT mdast-util-definitions@6.0.0 OK for: @astrojs/markdown-remark@7.1.1 want: ^6.0.0
1127 silly placeDep ROOT rehype-raw@7.0.0 OK for: @astrojs/markdown-remark@7.1.1 want: ^7.0.0
1128 silly placeDep ROOT rehype-stringify@10.0.1 OK for: @astrojs/markdown-remark@7.1.1 want: ^10.0.1
1129 silly placeDep ROOT remark-gfm@4.0.1 OK for: @astrojs/markdown-remark@7.1.1 want: ^4.0.1
1130 silly placeDep ROOT remark-parse@11.0.0 OK for: @astrojs/markdown-remark@7.1.1 want: ^11.0.0
1131 silly placeDep ROOT remark-rehype@11.1.2 OK for: @astrojs/markdown-remark@7.1.1 want: ^11.1.2
1132 silly placeDep ROOT remark-smartypants@3.0.2 OK for: @astrojs/markdown-remark@7.1.1 want: ^3.0.2
1133 silly placeDep ROOT retext-smartypants@6.2.0 OK for: @astrojs/markdown-remark@7.1.1 want: ^6.2.0
1134 silly placeDep ROOT unified@11.0.5 OK for: @astrojs/markdown-remark@7.1.1 want: ^11.0.5
1135 silly placeDep ROOT unist-util-remove-position@5.0.0 OK for: @astrojs/markdown-remark@7.1.1 want: ^5.0.0
1136 silly placeDep ROOT unist-util-visit-parents@6.0.2 OK for: @astrojs/markdown-remark@7.1.1 want: ^6.0.2
1137 silly fetch manifest prismjs@^1.30.0
1138 silly packumentCache full:https://registry.npmjs.org/prismjs cache-miss
1139 silly fetch manifest devlop@^1.1.0
1140 silly packumentCache full:https://registry.npmjs.org/devlop cache-miss
1141 silly fetch manifest hast-util-from-parse5@^8.0.0
1142 silly packumentCache full:https://registry.npmjs.org/hast-util-from-parse5 cache-miss
1143 silly fetch manifest parse5@^7.0.0
1144 silly packumentCache full:https://registry.npmjs.org/parse5 cache-miss
1145 silly fetch manifest hast-util-is-element@^3.0.0
1146 silly packumentCache full:https://registry.npmjs.org/hast-util-is-element cache-miss
1147 silly fetch manifest unist-util-find-after@^5.0.0
1148 silly packumentCache full:https://registry.npmjs.org/unist-util-find-after cache-miss
1149 silly fetch manifest @types/mdast@^4.0.0
1150 silly packumentCache full:https://registry.npmjs.org/@types%2fmdast cache-miss
1151 silly fetch manifest hast-util-raw@^9.0.0
1152 silly packumentCache full:https://registry.npmjs.org/hast-util-raw cache-miss
1153 silly fetch manifest hast-util-to-html@^9.0.0
1154 silly packumentCache full:https://registry.npmjs.org/hast-util-to-html cache-miss
1155 http fetch GET 200 https://registry.npmjs.org/prismjs 22ms (cache miss)
1156 silly packumentCache full:https://registry.npmjs.org/prismjs set size:undefined disposed:false
1157 silly fetch manifest @types/mdast@^4.0.0
1158 silly packumentCache full:https://registry.npmjs.org/@types%2fmdast cache-miss
1159 http fetch GET 200 https://registry.npmjs.org/hast-util-is-element 23ms (cache miss)
1160 silly packumentCache full:https://registry.npmjs.org/hast-util-is-element set size:undefined disposed:false
1161 silly fetch manifest mdast-util-gfm@^3.0.0
1162 silly packumentCache full:https://registry.npmjs.org/mdast-util-gfm cache-miss
1163 http fetch GET 200 https://registry.npmjs.org/hast-util-from-parse5 25ms (cache miss)
1164 silly packumentCache full:https://registry.npmjs.org/hast-util-from-parse5 set size:undefined disposed:false
1165 silly fetch manifest micromark-extension-gfm@^3.0.0
1166 silly packumentCache full:https://registry.npmjs.org/micromark-extension-gfm cache-miss
1167 http fetch GET 200 https://registry.npmjs.org/devlop 27ms (cache miss)
1168 silly packumentCache full:https://registry.npmjs.org/devlop set size:undefined disposed:false
1169 silly fetch manifest remark-stringify@^11.0.0
1170 silly packumentCache full:https://registry.npmjs.org/remark-stringify cache-miss
1171 http fetch GET 200 https://registry.npmjs.org/unist-util-find-after 27ms (cache miss)
1172 silly packumentCache full:https://registry.npmjs.org/unist-util-find-after set size:undefined disposed:false
1173 silly fetch manifest @types/mdast@^4.0.0
1174 silly packumentCache full:https://registry.npmjs.org/@types%2fmdast cache-miss
1175 http fetch GET 200 https://registry.npmjs.org/parse5 35ms (cache miss)
1176 silly packumentCache full:https://registry.npmjs.org/parse5 set size:undefined disposed:false
1177 silly fetch manifest mdast-util-from-markdown@^2.0.0
1178 silly packumentCache full:https://registry.npmjs.org/mdast-util-from-markdown cache-miss
1179 http fetch GET 200 https://registry.npmjs.org/@types%2fmdast 40ms (cache miss)
1180 silly packumentCache full:https://registry.npmjs.org/@types%2fmdast set size:undefined disposed:false
1181 silly fetch manifest micromark-util-types@^2.0.0
1182 silly packumentCache full:https://registry.npmjs.org/micromark-util-types cache-miss
1183 http fetch GET 200 https://registry.npmjs.org/hast-util-to-html 41ms (cache miss)
1184 silly packumentCache full:https://registry.npmjs.org/hast-util-to-html set size:undefined disposed:false
1185 silly fetch manifest mdast-util-to-hast@^13.0.0
1186 silly packumentCache full:https://registry.npmjs.org/mdast-util-to-hast cache-miss
1187 http fetch GET 200 https://registry.npmjs.org/hast-util-raw 42ms (cache miss)
1188 silly packumentCache full:https://registry.npmjs.org/hast-util-raw set size:undefined disposed:false
1189 silly fetch manifest retext@^9.0.0
1190 silly packumentCache full:https://registry.npmjs.org/retext cache-miss
1191 http fetch GET 200 https://registry.npmjs.org/mdast-util-gfm 19ms (cache miss)
1192 silly packumentCache full:https://registry.npmjs.org/mdast-util-gfm set size:undefined disposed:false
1193 silly fetch manifest retext-smartypants@^6.0.0
1194 silly packumentCache full:https://registry.npmjs.org/retext-smartypants cache-miss
1195 http cache https://registry.npmjs.org/retext-smartypants 0ms (cache hit)
1196 silly packumentCache full:https://registry.npmjs.org/retext-smartypants set size:84409 disposed:false
1197 silly fetch manifest unified@^11.0.4
1198 silly packumentCache full:https://registry.npmjs.org/unified cache-hit
1199 silly fetch manifest @types/nlcst@^2.0.0
1200 silly packumentCache full:https://registry.npmjs.org/@types%2fnlcst cache-miss
1201 http fetch GET 200 https://registry.npmjs.org/micromark-extension-gfm 22ms (cache miss)
1202 silly packumentCache full:https://registry.npmjs.org/micromark-extension-gfm set size:undefined disposed:false
1203 silly fetch manifest nlcst-to-string@^4.0.0
1204 silly packumentCache full:https://registry.npmjs.org/nlcst-to-string cache-miss
1205 http fetch GET 200 https://registry.npmjs.org/@types%2fmdast 27ms (cache miss)
1206 silly packumentCache full:https://registry.npmjs.org/@types%2fmdast set size:undefined disposed:false
1207 silly fetch manifest bail@^2.0.0
1208 silly packumentCache full:https://registry.npmjs.org/bail cache-miss
1209 http fetch GET 200 https://registry.npmjs.org/remark-stringify 31ms (cache miss)
1210 silly packumentCache full:https://registry.npmjs.org/remark-stringify set size:undefined disposed:false
1211 silly fetch manifest devlop@^1.0.0
1212 silly packumentCache full:https://registry.npmjs.org/devlop cache-miss
1213 http cache https://registry.npmjs.org/devlop 1ms (cache hit)
1214 silly packumentCache full:https://registry.npmjs.org/devlop set size:16868 disposed:false
1215 silly fetch manifest extend@^3.0.0
1216 silly packumentCache full:https://registry.npmjs.org/extend cache-miss
1217 http fetch GET 200 https://registry.npmjs.org/@types%2fmdast 33ms (cache miss)
1218 silly packumentCache full:https://registry.npmjs.org/@types%2fmdast set size:undefined disposed:false
1219 silly fetch manifest is-plain-obj@^4.0.0
1220 silly packumentCache full:https://registry.npmjs.org/is-plain-obj cache-miss
1221 http fetch GET 200 https://registry.npmjs.org/mdast-util-from-markdown 29ms (cache miss)
1222 silly packumentCache full:https://registry.npmjs.org/mdast-util-from-markdown set size:undefined disposed:false
1223 silly fetch manifest trough@^2.0.0
1224 silly packumentCache full:https://registry.npmjs.org/trough cache-miss
1225 http fetch GET 200 https://registry.npmjs.org/micromark-util-types 27ms (cache miss)
1226 silly packumentCache full:https://registry.npmjs.org/micromark-util-types set size:undefined disposed:false
1227 http fetch GET 200 https://registry.npmjs.org/bail 21ms (cache miss)
1228 silly packumentCache full:https://registry.npmjs.org/bail set size:undefined disposed:false
1229 http fetch GET 200 https://registry.npmjs.org/nlcst-to-string 27ms (cache miss)
1230 silly packumentCache full:https://registry.npmjs.org/nlcst-to-string set size:undefined disposed:false
1231 http fetch GET 200 https://registry.npmjs.org/mdast-util-to-hast 35ms (cache miss)
1232 silly packumentCache full:https://registry.npmjs.org/mdast-util-to-hast set size:undefined disposed:false
1233 http fetch GET 200 https://registry.npmjs.org/@types%2fnlcst 34ms (cache miss)
1234 silly packumentCache full:https://registry.npmjs.org/@types%2fnlcst set size:undefined disposed:false
1235 http fetch GET 200 https://registry.npmjs.org/extend 22ms (cache miss)
1236 silly packumentCache full:https://registry.npmjs.org/extend set size:undefined disposed:false
1237 http fetch GET 200 https://registry.npmjs.org/is-plain-obj 27ms (cache miss)
1238 silly packumentCache full:https://registry.npmjs.org/is-plain-obj set size:undefined disposed:false
1239 http fetch GET 200 https://registry.npmjs.org/trough 24ms (cache miss)
1240 silly packumentCache full:https://registry.npmjs.org/trough set size:undefined disposed:false
1241 http fetch GET 200 https://registry.npmjs.org/retext 52ms (cache miss)
1242 silly packumentCache full:https://registry.npmjs.org/retext set size:undefined disposed:false
1243 silly placeDep ROOT prismjs@1.30.0 OK for: @astrojs/prism@4.0.1 want: ^1.30.0
1244 silly placeDep ROOT dlv@1.1.3 OK for: @astrojs/telemetry@3.3.1 want: ^1.1.3
1245 silly placeDep ROOT is-docker@4.0.0 OK for: @astrojs/telemetry@3.3.1 want: ^4.0.0
1246 silly placeDep ROOT is-wsl@3.1.1 OK for: @astrojs/telemetry@3.3.1 want: ^3.1.1
1247 silly placeDep ROOT which-pm-runs@1.1.0 OK for: @astrojs/telemetry@3.3.1 want: ^1.1.0
1248 silly fetch manifest is-inside-container@^1.0.0
1249 silly packumentCache full:https://registry.npmjs.org/is-inside-container cache-miss
1250 http fetch GET 200 https://registry.npmjs.org/is-inside-container 27ms (cache miss)
1251 silly packumentCache full:https://registry.npmjs.org/is-inside-container set size:undefined disposed:false
1252 silly placeDep ROOT fontkitten@1.0.3 OK for: @capsizecss/unpack@4.0.0 want: ^1.0.0
1253 silly fetch manifest tiny-inflate@^1.0.3
1254 silly packumentCache full:https://registry.npmjs.org/tiny-inflate cache-miss
1255 http fetch GET 200 https://registry.npmjs.org/tiny-inflate 21ms (cache miss)
1256 silly packumentCache full:https://registry.npmjs.org/tiny-inflate set size:undefined disposed:false
1257 silly placeDep ROOT @clack/core@1.3.0 OK for: @clack/prompts@1.3.0 want: 1.3.0
1258 silly placeDep ROOT fast-string-width@3.0.2 OK for: @clack/prompts@1.3.0 want: ^3.0.2
1259 silly placeDep ROOT fast-wrap-ansi@0.2.0 OK for: @clack/prompts@1.3.0 want: ^0.2.0
1260 silly placeDep ROOT sisteransi@1.0.5 OK for: @clack/prompts@1.3.0 want: ^1.0.5
1261 silly fetch manifest fast-string-truncated-width@^3.0.2
1262 silly packumentCache full:https://registry.npmjs.org/fast-string-truncated-width cache-miss
1263 http fetch GET 200 https://registry.npmjs.org/fast-string-truncated-width 22ms (cache miss)
1264 silly packumentCache full:https://registry.npmjs.org/fast-string-truncated-width set size:undefined disposed:false
1265 silly placeDep ROOT @types/estree@1.0.8 OK for: @rollup/pluginutils@5.3.0 want: ^1.0.0
1266 silly placeDep ROOT estree-walker@2.0.2 OK for: @rollup/pluginutils@5.3.0 want: ^2.0.2
1267 silly placeDep ROOT @esbuild/aix-ppc64@0.27.7 OK for: esbuild@0.27.7 want: 0.27.7
1268 silly placeDep ROOT @esbuild/android-arm@0.27.7 OK for: esbuild@0.27.7 want: 0.27.7
1269 silly placeDep ROOT @esbuild/android-arm64@0.27.7 OK for: esbuild@0.27.7 want: 0.27.7
1270 silly placeDep ROOT @esbuild/android-x64@0.27.7 OK for: esbuild@0.27.7 want: 0.27.7
1271 silly placeDep ROOT @esbuild/darwin-arm64@0.27.7 OK for: esbuild@0.27.7 want: 0.27.7
1272 silly placeDep ROOT @esbuild/darwin-x64@0.27.7 OK for: esbuild@0.27.7 want: 0.27.7
1273 silly placeDep ROOT @esbuild/freebsd-arm64@0.27.7 OK for: esbuild@0.27.7 want: 0.27.7
1274 silly placeDep ROOT @esbuild/freebsd-x64@0.27.7 OK for: esbuild@0.27.7 want: 0.27.7
1275 silly placeDep ROOT @esbuild/linux-arm@0.27.7 OK for: esbuild@0.27.7 want: 0.27.7
1276 silly placeDep ROOT @esbuild/linux-arm64@0.27.7 OK for: esbuild@0.27.7 want: 0.27.7
1277 silly placeDep ROOT @esbuild/linux-ia32@0.27.7 OK for: esbuild@0.27.7 want: 0.27.7
1278 silly placeDep ROOT @esbuild/linux-loong64@0.27.7 OK for: esbuild@0.27.7 want: 0.27.7
1279 silly placeDep ROOT @esbuild/linux-mips64el@0.27.7 OK for: esbuild@0.27.7 want: 0.27.7
1280 silly placeDep ROOT @esbuild/linux-ppc64@0.27.7 OK for: esbuild@0.27.7 want: 0.27.7
1281 silly placeDep ROOT @esbuild/linux-riscv64@0.27.7 OK for: esbuild@0.27.7 want: 0.27.7
1282 silly placeDep ROOT @esbuild/linux-s390x@0.27.7 OK for: esbuild@0.27.7 want: 0.27.7
1283 silly placeDep ROOT @esbuild/linux-x64@0.27.7 OK for: esbuild@0.27.7 want: 0.27.7
1284 silly placeDep ROOT @esbuild/netbsd-arm64@0.27.7 OK for: esbuild@0.27.7 want: 0.27.7
1285 silly placeDep ROOT @esbuild/netbsd-x64@0.27.7 OK for: esbuild@0.27.7 want: 0.27.7
1286 silly placeDep ROOT @esbuild/openbsd-arm64@0.27.7 OK for: esbuild@0.27.7 want: 0.27.7
1287 silly placeDep ROOT @esbuild/openbsd-x64@0.27.7 OK for: esbuild@0.27.7 want: 0.27.7
1288 silly placeDep ROOT @esbuild/openharmony-arm64@0.27.7 OK for: esbuild@0.27.7 want: 0.27.7
1289 silly placeDep ROOT @esbuild/sunos-x64@0.27.7 OK for: esbuild@0.27.7 want: 0.27.7
1290 silly placeDep ROOT @esbuild/win32-arm64@0.27.7 OK for: esbuild@0.27.7 want: 0.27.7
1291 silly placeDep ROOT @esbuild/win32-ia32@0.27.7 OK for: esbuild@0.27.7 want: 0.27.7
1292 silly placeDep ROOT @esbuild/win32-x64@0.27.7 OK for: esbuild@0.27.7 want: 0.27.7
1293 silly placeDep ROOT fast-string-truncated-width@3.0.3 OK for: fast-string-width@3.0.2 want: ^3.0.2
1294 silly placeDep ROOT tiny-inflate@1.0.3 OK for: fontkitten@1.0.3 want: ^1.0.3
1295 silly placeDep ROOT @types/hast@3.0.4 OK for: hast-util-from-html@2.0.3 want: ^3.0.0
1296 silly placeDep ROOT devlop@1.1.0 OK for: hast-util-from-html@2.0.3 want: ^1.1.0
1297 silly placeDep ROOT hast-util-from-parse5@8.0.3 OK for: hast-util-from-html@2.0.3 want: ^8.0.0
1298 silly placeDep ROOT parse5@7.3.0 OK for: hast-util-from-html@2.0.3 want: ^7.0.0
1299 silly placeDep ROOT vfile-message@4.0.3 OK for: hast-util-from-html@2.0.3 want: ^4.0.0
1300 silly fetch manifest @types/unist@*
1301 silly packumentCache full:https://registry.npmjs.org/@types%2funist cache-miss
1302 silly fetch manifest dequal@^2.0.0
1303 silly packumentCache full:https://registry.npmjs.org/dequal cache-miss
1304 silly fetch manifest hastscript@^9.0.0
1305 silly packumentCache full:https://registry.npmjs.org/hastscript cache-miss
1306 silly fetch manifest property-information@^7.0.0
1307 silly packumentCache full:https://registry.npmjs.org/property-information cache-miss
1308 silly fetch manifest vfile-location@^5.0.0
1309 silly packumentCache full:https://registry.npmjs.org/vfile-location cache-miss
1310 silly fetch manifest web-namespaces@^2.0.0
1311 silly packumentCache full:https://registry.npmjs.org/web-namespaces cache-miss
1312 silly fetch manifest entities@^6.0.0
1313 silly packumentCache full:https://registry.npmjs.org/entities cache-miss
1314 silly fetch manifest unist-util-stringify-position@^4.0.0
1315 silly packumentCache full:https://registry.npmjs.org/unist-util-stringify-position cache-miss
1316 http cache https://registry.npmjs.org/@types%2funist 2ms (cache hit)
1317 silly packumentCache full:https://registry.npmjs.org/@types%2funist set size:39215 disposed:false
1318 http fetch GET 200 https://registry.npmjs.org/web-namespaces 26ms (cache miss)
1319 silly packumentCache full:https://registry.npmjs.org/web-namespaces set size:undefined disposed:false
1320 http fetch GET 200 https://registry.npmjs.org/dequal 32ms (cache miss)
1321 silly packumentCache full:https://registry.npmjs.org/dequal set size:undefined disposed:false
1322 http fetch GET 200 https://registry.npmjs.org/vfile-location 32ms (cache miss)
1323 silly packumentCache full:https://registry.npmjs.org/vfile-location set size:undefined disposed:false
1324 http fetch GET 200 https://registry.npmjs.org/unist-util-stringify-position 32ms (cache miss)
1325 silly packumentCache full:https://registry.npmjs.org/unist-util-stringify-position set size:undefined disposed:false
1326 http fetch GET 200 https://registry.npmjs.org/hastscript 33ms (cache miss)
1327 silly packumentCache full:https://registry.npmjs.org/hastscript set size:undefined disposed:false
1328 http fetch GET 200 https://registry.npmjs.org/property-information 34ms (cache miss)
1329 silly packumentCache full:https://registry.npmjs.org/property-information set size:undefined disposed:false
1330 http fetch GET 200 https://registry.npmjs.org/entities 38ms (cache miss)
1331 silly packumentCache full:https://registry.npmjs.org/entities set size:undefined disposed:false
1332 silly placeDep ROOT @types/unist@3.0.3 OK for: @types/hast@3.0.4 want: *
1333 silly placeDep ROOT dequal@2.0.3 OK for: devlop@1.1.0 want: ^2.0.0
1334 silly placeDep ROOT hastscript@9.0.1 OK for: hast-util-from-parse5@8.0.3 want: ^9.0.0
1335 silly placeDep ROOT property-information@7.1.0 OK for: hast-util-from-parse5@8.0.3 want: ^7.0.0
1336 silly placeDep ROOT vfile-location@5.0.3 OK for: hast-util-from-parse5@8.0.3 want: ^5.0.0
1337 silly placeDep ROOT web-namespaces@2.0.1 OK for: hast-util-from-parse5@8.0.3 want: ^2.0.0
1338 silly fetch manifest comma-separated-tokens@^2.0.0
1339 silly packumentCache full:https://registry.npmjs.org/comma-separated-tokens cache-miss
1340 silly fetch manifest hast-util-parse-selector@^4.0.0
1341 silly packumentCache full:https://registry.npmjs.org/hast-util-parse-selector cache-miss
1342 silly fetch manifest space-separated-tokens@^2.0.0
1343 silly packumentCache full:https://registry.npmjs.org/space-separated-tokens cache-miss
1344 http fetch GET 200 https://registry.npmjs.org/hast-util-parse-selector 23ms (cache miss)
1345 silly packumentCache full:https://registry.npmjs.org/hast-util-parse-selector set size:undefined disposed:false
1346 http fetch GET 200 https://registry.npmjs.org/space-separated-tokens 27ms (cache miss)
1347 silly packumentCache full:https://registry.npmjs.org/space-separated-tokens set size:undefined disposed:false
1348 http fetch GET 200 https://registry.npmjs.org/comma-separated-tokens 42ms (cache miss)
1349 silly packumentCache full:https://registry.npmjs.org/comma-separated-tokens set size:undefined disposed:false
1350 silly placeDep ROOT hast-util-is-element@3.0.0 OK for: hast-util-to-text@4.0.2 want: ^3.0.0
1351 silly placeDep ROOT unist-util-find-after@5.0.0 OK for: hast-util-to-text@4.0.2 want: ^5.0.0
1352 silly placeDep ROOT comma-separated-tokens@2.0.3 OK for: hastscript@9.0.1 want: ^2.0.0
1353 silly placeDep ROOT hast-util-parse-selector@4.0.0 OK for: hastscript@9.0.1 want: ^4.0.0
1354 silly placeDep ROOT space-separated-tokens@2.0.2 OK for: hastscript@9.0.1 want: ^2.0.0
1355 silly placeDep ROOT is-inside-container@1.0.0 OK for: is-wsl@3.1.1 want: ^1.0.0
1356 silly fetch manifest is-docker@^3.0.0
1357 silly packumentCache full:https://registry.npmjs.org/is-docker cache-miss
1358 http cache https://registry.npmjs.org/is-docker 1ms (cache hit)
1359 silly packumentCache full:https://registry.npmjs.org/is-docker set size:23690 disposed:false
1360 silly placeDep node_modules/is-inside-container is-docker@3.0.0 OK for: is-inside-container@1.0.0 want: ^3.0.0
1361 silly placeDep ROOT argparse@2.0.1 OK for: js-yaml@4.1.1 want: ^2.0.1
1362 silly placeDep ROOT @jridgewell/sourcemap-codec@1.5.5 OK for: magic-string@0.30.21 want: ^1.5.5
1363 silly placeDep ROOT @babel/parser@7.29.2 OK for: magicast@0.5.2 want: ^7.29.0
1364 silly placeDep ROOT @babel/types@7.29.0 OK for: magicast@0.5.2 want: ^7.29.0
1365 silly placeDep ROOT source-map-js@1.2.1 OK for: magicast@0.5.2 want: ^1.2.1
1366 silly fetch manifest @babel/helper-string-parser@^7.27.1
1367 silly packumentCache full:https://registry.npmjs.org/@babel%2fhelper-string-parser cache-miss
1368 silly fetch manifest @babel/helper-validator-identifier@^7.28.5
1369 silly packumentCache full:https://registry.npmjs.org/@babel%2fhelper-validator-identifier cache-miss
1370 http fetch GET 200 https://registry.npmjs.org/@babel%2fhelper-string-parser 40ms (cache miss)
1371 silly packumentCache full:https://registry.npmjs.org/@babel%2fhelper-string-parser set size:undefined disposed:false
1372 http fetch GET 200 https://registry.npmjs.org/@babel%2fhelper-validator-identifier 48ms (cache miss)
1373 silly packumentCache full:https://registry.npmjs.org/@babel%2fhelper-validator-identifier set size:undefined disposed:false
1374 silly placeDep ROOT @babel/helper-string-parser@7.27.1 OK for: @babel/types@7.29.0 want: ^7.27.1
1375 silly placeDep ROOT @babel/helper-validator-identifier@7.28.5 OK for: @babel/types@7.29.0 want: ^7.28.5
1376 silly placeDep ROOT @types/mdast@4.0.4 OK for: mdast-util-definitions@6.0.0 want: ^4.0.0
1377 silly placeDep ROOT yocto-queue@1.2.2 OK for: p-limit@7.3.0 want: ^1.2.1
1378 silly placeDep ROOT eventemitter3@5.0.4 OK for: p-queue@9.2.0 want: ^5.0.4
1379 silly placeDep ROOT p-timeout@7.0.1 OK for: p-queue@9.2.0 want: ^7.0.0
1380 silly placeDep ROOT entities@6.0.1 OK for: parse5@7.3.0 want: ^6.0.0
1381 silly placeDep ROOT rehype-parse@9.0.1 OK for: rehype@13.0.2 want: ^9.0.0
1382 silly placeDep ROOT hast-util-raw@9.1.0 OK for: rehype-raw@7.0.0 want: ^9.0.0
1383 silly fetch manifest @ungap/structured-clone@^1.0.0
1384 silly packumentCache full:https://registry.npmjs.org/@ungap%2fstructured-clone cache-miss
1385 silly fetch manifest hast-util-to-parse5@^8.0.0
1386 silly packumentCache full:https://registry.npmjs.org/hast-util-to-parse5 cache-miss
1387 silly fetch manifest html-void-elements@^3.0.0
1388 silly packumentCache full:https://registry.npmjs.org/html-void-elements cache-miss
1389 silly fetch manifest unist-util-position@^5.0.0
1390 silly packumentCache full:https://registry.npmjs.org/unist-util-position cache-miss
1391 silly fetch manifest zwitch@^2.0.0
1392 silly packumentCache full:https://registry.npmjs.org/zwitch cache-miss
1393 http fetch GET 200 https://registry.npmjs.org/zwitch 23ms (cache miss)
1394 silly packumentCache full:https://registry.npmjs.org/zwitch set size:undefined disposed:false
1395 http fetch GET 200 https://registry.npmjs.org/html-void-elements 24ms (cache miss)
1396 silly packumentCache full:https://registry.npmjs.org/html-void-elements set size:undefined disposed:false
1397 http fetch GET 200 https://registry.npmjs.org/hast-util-to-parse5 34ms (cache miss)
1398 silly packumentCache full:https://registry.npmjs.org/hast-util-to-parse5 set size:undefined disposed:false
1399 http fetch GET 200 https://registry.npmjs.org/@ungap%2fstructured-clone 38ms (cache miss)
1400 silly packumentCache full:https://registry.npmjs.org/@ungap%2fstructured-clone set size:undefined disposed:false
1401 http fetch GET 200 https://registry.npmjs.org/unist-util-position 43ms (cache miss)
1402 silly packumentCache full:https://registry.npmjs.org/unist-util-position set size:undefined disposed:false
1403 silly placeDep ROOT @ungap/structured-clone@1.3.0 OK for: hast-util-raw@9.1.0 want: ^1.0.0
1404 silly placeDep ROOT hast-util-to-parse5@8.0.1 OK for: hast-util-raw@9.1.0 want: ^8.0.0
1405 silly placeDep ROOT html-void-elements@3.0.0 OK for: hast-util-raw@9.1.0 want: ^3.0.0
1406 silly placeDep ROOT mdast-util-to-hast@13.2.1 OK for: hast-util-raw@9.1.0 want: ^13.0.0
1407 silly placeDep ROOT unist-util-position@5.0.0 OK for: hast-util-raw@9.1.0 want: ^5.0.0
1408 silly placeDep ROOT zwitch@2.0.4 OK for: hast-util-raw@9.1.0 want: ^2.0.0
1409 silly fetch manifest micromark-util-sanitize-uri@^2.0.0
1410 silly packumentCache full:https://registry.npmjs.org/micromark-util-sanitize-uri cache-miss
1411 silly fetch manifest trim-lines@^3.0.0
1412 silly packumentCache full:https://registry.npmjs.org/trim-lines cache-miss
1413 http fetch GET 200 https://registry.npmjs.org/trim-lines 21ms (cache miss)
1414 silly packumentCache full:https://registry.npmjs.org/trim-lines set size:undefined disposed:false
1415 http fetch GET 200 https://registry.npmjs.org/micromark-util-sanitize-uri 31ms (cache miss)
1416 silly packumentCache full:https://registry.npmjs.org/micromark-util-sanitize-uri set size:undefined disposed:false
1417 silly placeDep ROOT micromark-util-sanitize-uri@2.0.1 OK for: mdast-util-to-hast@13.2.1 want: ^2.0.0
1418 silly placeDep ROOT trim-lines@3.0.1 OK for: mdast-util-to-hast@13.2.1 want: ^3.0.0
1419 silly fetch manifest micromark-util-character@^2.0.0
1420 silly packumentCache full:https://registry.npmjs.org/micromark-util-character cache-miss
1421 silly fetch manifest micromark-util-encode@^2.0.0
1422 silly packumentCache full:https://registry.npmjs.org/micromark-util-encode cache-miss
1423 silly fetch manifest micromark-util-symbol@^2.0.0
1424 silly packumentCache full:https://registry.npmjs.org/micromark-util-symbol cache-miss
1425 http fetch GET 200 https://registry.npmjs.org/micromark-util-symbol 26ms (cache miss)
1426 silly packumentCache full:https://registry.npmjs.org/micromark-util-symbol set size:undefined disposed:false
1427 http fetch GET 200 https://registry.npmjs.org/micromark-util-encode 31ms (cache miss)
1428 silly packumentCache full:https://registry.npmjs.org/micromark-util-encode set size:undefined disposed:false
1429 http fetch GET 200 https://registry.npmjs.org/micromark-util-character 47ms (cache miss)
1430 silly packumentCache full:https://registry.npmjs.org/micromark-util-character set size:undefined disposed:false
1431 silly placeDep ROOT micromark-util-character@2.1.1 OK for: micromark-util-sanitize-uri@2.0.1 want: ^2.0.0
1432 silly placeDep ROOT micromark-util-encode@2.0.1 OK for: micromark-util-sanitize-uri@2.0.1 want: ^2.0.0
1433 silly placeDep ROOT micromark-util-symbol@2.0.1 OK for: micromark-util-sanitize-uri@2.0.1 want: ^2.0.0
1434 silly placeDep ROOT micromark-util-types@2.0.2 OK for: micromark-util-character@2.1.1 want: ^2.0.0
1435 silly placeDep ROOT hast-util-to-html@9.0.5 OK for: rehype-stringify@10.0.1 want: ^9.0.0
1436 silly fetch manifest ccount@^2.0.0
1437 silly packumentCache full:https://registry.npmjs.org/ccount cache-miss
1438 silly fetch manifest hast-util-whitespace@^3.0.0
1439 silly packumentCache full:https://registry.npmjs.org/hast-util-whitespace cache-miss
1440 silly fetch manifest stringify-entities@^4.0.0
1441 silly packumentCache full:https://registry.npmjs.org/stringify-entities cache-miss
1442 http fetch GET 200 https://registry.npmjs.org/ccount 26ms (cache miss)
1443 silly packumentCache full:https://registry.npmjs.org/ccount set size:undefined disposed:false
1444 http fetch GET 200 https://registry.npmjs.org/stringify-entities 27ms (cache miss)
1445 silly packumentCache full:https://registry.npmjs.org/stringify-entities set size:undefined disposed:false
1446 http fetch GET 200 https://registry.npmjs.org/hast-util-whitespace 33ms (cache miss)
1447 silly packumentCache full:https://registry.npmjs.org/hast-util-whitespace set size:undefined disposed:false
1448 silly placeDep ROOT ccount@2.0.1 OK for: hast-util-to-html@9.0.5 want: ^2.0.0
1449 silly placeDep ROOT hast-util-whitespace@3.0.0 OK for: hast-util-to-html@9.0.5 want: ^3.0.0
1450 silly placeDep ROOT stringify-entities@4.0.4 OK for: hast-util-to-html@9.0.5 want: ^4.0.0
1451 silly fetch manifest character-entities-html4@^2.0.0
1452 silly packumentCache full:https://registry.npmjs.org/character-entities-html4 cache-miss
1453 silly fetch manifest character-entities-legacy@^3.0.0
1454 silly packumentCache full:https://registry.npmjs.org/character-entities-legacy cache-miss
1455 http fetch GET 200 https://registry.npmjs.org/character-entities-legacy 28ms (cache miss)
1456 silly packumentCache full:https://registry.npmjs.org/character-entities-legacy set size:undefined disposed:false
1457 http fetch GET 200 https://registry.npmjs.org/character-entities-html4 34ms (cache miss)
1458 silly packumentCache full:https://registry.npmjs.org/character-entities-html4 set size:undefined disposed:false
1459 silly placeDep ROOT mdast-util-gfm@3.1.0 OK for: remark-gfm@4.0.1 want: ^3.0.0
1460 silly placeDep ROOT micromark-extension-gfm@3.0.0 OK for: remark-gfm@4.0.1 want: ^3.0.0
1461 silly placeDep ROOT remark-stringify@11.0.0 OK for: remark-gfm@4.0.1 want: ^11.0.0
1462 silly fetch manifest mdast-util-gfm-autolink-literal@^2.0.0
1463 silly packumentCache full:https://registry.npmjs.org/mdast-util-gfm-autolink-literal cache-miss
1464 silly fetch manifest mdast-util-gfm-footnote@^2.0.0
1465 silly packumentCache full:https://registry.npmjs.org/mdast-util-gfm-footnote cache-miss
1466 silly fetch manifest mdast-util-gfm-strikethrough@^2.0.0
1467 silly packumentCache full:https://registry.npmjs.org/mdast-util-gfm-strikethrough cache-miss
1468 silly fetch manifest mdast-util-gfm-table@^2.0.0
1469 silly packumentCache full:https://registry.npmjs.org/mdast-util-gfm-table cache-miss
1470 silly fetch manifest mdast-util-gfm-task-list-item@^2.0.0
1471 silly packumentCache full:https://registry.npmjs.org/mdast-util-gfm-task-list-item cache-miss
1472 silly fetch manifest mdast-util-to-markdown@^2.0.0
1473 silly packumentCache full:https://registry.npmjs.org/mdast-util-to-markdown cache-miss
1474 silly fetch manifest micromark-extension-gfm-autolink-literal@^2.0.0
1475 silly packumentCache full:https://registry.npmjs.org/micromark-extension-gfm-autolink-literal cache-miss
1476 silly fetch manifest micromark-extension-gfm-footnote@^2.0.0
1477 silly packumentCache full:https://registry.npmjs.org/micromark-extension-gfm-footnote cache-miss
1478 silly fetch manifest micromark-extension-gfm-strikethrough@^2.0.0
1479 silly packumentCache full:https://registry.npmjs.org/micromark-extension-gfm-strikethrough cache-miss
1480 http fetch GET 200 https://registry.npmjs.org/micromark-extension-gfm-footnote 26ms (cache miss)
1481 silly packumentCache full:https://registry.npmjs.org/micromark-extension-gfm-footnote set size:undefined disposed:false
1482 silly fetch manifest micromark-extension-gfm-table@^2.0.0
1483 silly packumentCache full:https://registry.npmjs.org/micromark-extension-gfm-table cache-miss
1484 http fetch GET 200 https://registry.npmjs.org/mdast-util-gfm-task-list-item 27ms (cache miss)
1485 silly packumentCache full:https://registry.npmjs.org/mdast-util-gfm-task-list-item set size:undefined disposed:false
1486 silly fetch manifest micromark-extension-gfm-tagfilter@^2.0.0
1487 silly packumentCache full:https://registry.npmjs.org/micromark-extension-gfm-tagfilter cache-miss
1488 http fetch GET 200 https://registry.npmjs.org/mdast-util-gfm-strikethrough 32ms (cache miss)
1489 silly packumentCache full:https://registry.npmjs.org/mdast-util-gfm-strikethrough set size:undefined disposed:false
1490 silly fetch manifest micromark-extension-gfm-task-list-item@^2.0.0
1491 silly packumentCache full:https://registry.npmjs.org/micromark-extension-gfm-task-list-item cache-miss
1492 http fetch GET 200 https://registry.npmjs.org/mdast-util-gfm-table 34ms (cache miss)
1493 silly packumentCache full:https://registry.npmjs.org/mdast-util-gfm-table set size:undefined disposed:false
1494 silly fetch manifest micromark-util-combine-extensions@^2.0.0
1495 silly packumentCache full:https://registry.npmjs.org/micromark-util-combine-extensions cache-miss
1496 http fetch GET 200 https://registry.npmjs.org/mdast-util-gfm-footnote 34ms (cache miss)
1497 silly packumentCache full:https://registry.npmjs.org/mdast-util-gfm-footnote set size:undefined disposed:false
1498 silly fetch manifest mdast-util-to-markdown@^2.0.0
1499 silly packumentCache full:https://registry.npmjs.org/mdast-util-to-markdown cache-miss
1500 http fetch GET 200 https://registry.npmjs.org/mdast-util-to-markdown 35ms (cache miss)
1501 silly packumentCache full:https://registry.npmjs.org/mdast-util-to-markdown set size:undefined disposed:false
1502 http fetch GET 200 https://registry.npmjs.org/mdast-util-gfm-autolink-literal 37ms (cache miss)
1503 silly packumentCache full:https://registry.npmjs.org/mdast-util-gfm-autolink-literal set size:undefined disposed:false
1504 http cache https://registry.npmjs.org/mdast-util-to-markdown 2ms (cache hit)
1505 silly packumentCache full:https://registry.npmjs.org/mdast-util-to-markdown set size:179199 disposed:false
1506 http fetch GET 200 https://registry.npmjs.org/micromark-extension-gfm-autolink-literal 38ms (cache miss)
1507 silly packumentCache full:https://registry.npmjs.org/micromark-extension-gfm-autolink-literal set size:undefined disposed:false
1508 http fetch GET 200 https://registry.npmjs.org/micromark-extension-gfm-strikethrough 37ms (cache miss)
1509 silly packumentCache full:https://registry.npmjs.org/micromark-extension-gfm-strikethrough set size:undefined disposed:false
1510 http fetch GET 200 https://registry.npmjs.org/micromark-extension-gfm-tagfilter 23ms (cache miss)
1511 silly packumentCache full:https://registry.npmjs.org/micromark-extension-gfm-tagfilter set size:undefined disposed:false
1512 http fetch GET 200 https://registry.npmjs.org/micromark-extension-gfm-task-list-item 27ms (cache miss)
1513 silly packumentCache full:https://registry.npmjs.org/micromark-extension-gfm-task-list-item set size:undefined disposed:false
1514 http fetch GET 200 https://registry.npmjs.org/micromark-extension-gfm-table 33ms (cache miss)
1515 silly packumentCache full:https://registry.npmjs.org/micromark-extension-gfm-table set size:undefined disposed:false
1516 http fetch GET 200 https://registry.npmjs.org/micromark-util-combine-extensions 29ms (cache miss)
1517 silly packumentCache full:https://registry.npmjs.org/micromark-util-combine-extensions set size:undefined disposed:false
1518 silly placeDep ROOT mdast-util-from-markdown@2.0.3 OK for: mdast-util-gfm@3.1.0 want: ^2.0.0
1519 silly placeDep ROOT mdast-util-gfm-autolink-literal@2.0.1 OK for: mdast-util-gfm@3.1.0 want: ^2.0.0
1520 silly placeDep ROOT mdast-util-gfm-footnote@2.1.0 OK for: mdast-util-gfm@3.1.0 want: ^2.0.0
1521 silly placeDep ROOT mdast-util-gfm-strikethrough@2.0.0 OK for: mdast-util-gfm@3.1.0 want: ^2.0.0
1522 silly placeDep ROOT mdast-util-gfm-table@2.0.0 OK for: mdast-util-gfm@3.1.0 want: ^2.0.0
1523 silly placeDep ROOT mdast-util-gfm-task-list-item@2.0.0 OK for: mdast-util-gfm@3.1.0 want: ^2.0.0
1524 silly placeDep ROOT mdast-util-to-markdown@2.1.2 OK for: mdast-util-gfm@3.1.0 want: ^2.0.0
1525 silly fetch manifest decode-named-character-reference@^1.0.0
1526 silly packumentCache full:https://registry.npmjs.org/decode-named-character-reference cache-miss
1527 silly fetch manifest mdast-util-to-string@^4.0.0
1528 silly packumentCache full:https://registry.npmjs.org/mdast-util-to-string cache-miss
1529 silly fetch manifest micromark@^4.0.0
1530 silly packumentCache full:https://registry.npmjs.org/micromark cache-miss
1531 silly fetch manifest micromark-util-decode-numeric-character-reference@^2.0.0
1532 silly packumentCache full:https://registry.npmjs.org/micromark-util-decode-numeric-character-reference cache-miss
1533 silly fetch manifest micromark-util-decode-string@^2.0.0
1534 silly packumentCache full:https://registry.npmjs.org/micromark-util-decode-string cache-miss
1535 silly fetch manifest micromark-util-normalize-identifier@^2.0.0
1536 silly packumentCache full:https://registry.npmjs.org/micromark-util-normalize-identifier cache-miss
1537 silly fetch manifest mdast-util-find-and-replace@^3.0.0
1538 silly packumentCache full:https://registry.npmjs.org/mdast-util-find-and-replace cache-miss
1539 silly fetch manifest micromark-util-normalize-identifier@^2.0.0
1540 silly packumentCache full:https://registry.npmjs.org/micromark-util-normalize-identifier cache-miss
1541 silly fetch manifest markdown-table@^3.0.0
1542 silly packumentCache full:https://registry.npmjs.org/markdown-table cache-miss
1543 http fetch GET 200 https://registry.npmjs.org/micromark-util-normalize-identifier 22ms (cache miss)
1544 silly packumentCache full:https://registry.npmjs.org/micromark-util-normalize-identifier set size:undefined disposed:false
1545 silly fetch manifest longest-streak@^3.0.0
1546 silly packumentCache full:https://registry.npmjs.org/longest-streak cache-miss
1547 http fetch GET 200 https://registry.npmjs.org/micromark-util-normalize-identifier 24ms (cache miss)
1548 silly packumentCache full:https://registry.npmjs.org/micromark-util-normalize-identifier set size:undefined disposed:false
1549 silly fetch manifest mdast-util-phrasing@^4.0.0
1550 silly packumentCache full:https://registry.npmjs.org/mdast-util-phrasing cache-miss
1551 http fetch GET 200 https://registry.npmjs.org/mdast-util-find-and-replace 26ms (cache miss)
1552 silly packumentCache full:https://registry.npmjs.org/mdast-util-find-and-replace set size:undefined disposed:false
1553 silly fetch manifest mdast-util-to-string@^4.0.0
1554 silly packumentCache full:https://registry.npmjs.org/mdast-util-to-string cache-miss
1555 http fetch GET 200 https://registry.npmjs.org/mdast-util-to-string 27ms (cache miss)
1556 silly packumentCache full:https://registry.npmjs.org/mdast-util-to-string set size:undefined disposed:false
1557 silly fetch manifest micromark-util-classify-character@^2.0.0
1558 silly packumentCache full:https://registry.npmjs.org/micromark-util-classify-character cache-miss
1559 http fetch GET 200 https://registry.npmjs.org/micromark-util-decode-numeric-character-reference 28ms (cache miss)
1560 silly packumentCache full:https://registry.npmjs.org/micromark-util-decode-numeric-character-reference set size:undefined disposed:false
1561 silly fetch manifest micromark-util-decode-string@^2.0.0
1562 silly packumentCache full:https://registry.npmjs.org/micromark-util-decode-string cache-miss
1563 http fetch GET 200 https://registry.npmjs.org/markdown-table 29ms (cache miss)
1564 silly packumentCache full:https://registry.npmjs.org/markdown-table set size:undefined disposed:false
1565 http fetch GET 200 https://registry.npmjs.org/micromark 30ms (cache miss)
1566 silly packumentCache full:https://registry.npmjs.org/micromark set size:undefined disposed:false
1567 http fetch GET 200 https://registry.npmjs.org/micromark-util-decode-string 35ms (cache miss)
1568 silly packumentCache full:https://registry.npmjs.org/micromark-util-decode-string set size:undefined disposed:false
1569 http fetch GET 200 https://registry.npmjs.org/longest-streak 21ms (cache miss)
1570 silly packumentCache full:https://registry.npmjs.org/longest-streak set size:undefined disposed:false
1571 http fetch GET 200 https://registry.npmjs.org/mdast-util-phrasing 22ms (cache miss)
1572 silly packumentCache full:https://registry.npmjs.org/mdast-util-phrasing set size:undefined disposed:false
1573 http fetch GET 200 https://registry.npmjs.org/micromark-util-classify-character 21ms (cache miss)
1574 silly packumentCache full:https://registry.npmjs.org/micromark-util-classify-character set size:undefined disposed:false
1575 http fetch GET 200 https://registry.npmjs.org/mdast-util-to-string 25ms (cache miss)
1576 silly packumentCache full:https://registry.npmjs.org/mdast-util-to-string set size:undefined disposed:false
1577 http fetch GET 200 https://registry.npmjs.org/micromark-util-decode-string 27ms (cache miss)
1578 silly packumentCache full:https://registry.npmjs.org/micromark-util-decode-string set size:undefined disposed:false
1579 http fetch GET 200 https://registry.npmjs.org/decode-named-character-reference 165ms (cache miss)
1580 silly packumentCache full:https://registry.npmjs.org/decode-named-character-reference set size:undefined disposed:false
1581 silly placeDep ROOT decode-named-character-reference@1.3.0 OK for: mdast-util-from-markdown@2.0.3 want: ^1.0.0
1582 silly placeDep ROOT mdast-util-to-string@4.0.0 OK for: mdast-util-from-markdown@2.0.3 want: ^4.0.0
1583 silly placeDep ROOT micromark@4.0.2 OK for: mdast-util-from-markdown@2.0.3 want: ^4.0.0
1584 silly placeDep ROOT micromark-util-decode-numeric-character-reference@2.0.2 OK for: mdast-util-from-markdown@2.0.3 want: ^2.0.0
1585 silly placeDep ROOT micromark-util-decode-string@2.0.1 OK for: mdast-util-from-markdown@2.0.3 want: ^2.0.0
1586 silly placeDep ROOT micromark-util-normalize-identifier@2.0.1 OK for: mdast-util-from-markdown@2.0.3 want: ^2.0.0
1587 silly placeDep ROOT unist-util-stringify-position@4.0.0 OK for: mdast-util-from-markdown@2.0.3 want: ^4.0.0
1588 silly fetch manifest character-entities@^2.0.0
1589 silly packumentCache full:https://registry.npmjs.org/character-entities cache-miss
1590 silly fetch manifest @types/debug@^4.0.0
1591 silly packumentCache full:https://registry.npmjs.org/@types%2fdebug cache-miss
1592 silly fetch manifest debug@^4.0.0
1593 silly packumentCache full:https://registry.npmjs.org/debug cache-miss
1594 silly fetch manifest micromark-core-commonmark@^2.0.0
1595 silly packumentCache full:https://registry.npmjs.org/micromark-core-commonmark cache-miss
1596 silly fetch manifest micromark-factory-space@^2.0.0
1597 silly packumentCache full:https://registry.npmjs.org/micromark-factory-space cache-miss
1598 silly fetch manifest micromark-util-chunked@^2.0.0
1599 silly packumentCache full:https://registry.npmjs.org/micromark-util-chunked cache-miss
1600 silly fetch manifest micromark-util-resolve-all@^2.0.0
1601 silly packumentCache full:https://registry.npmjs.org/micromark-util-resolve-all cache-miss
1602 silly fetch manifest micromark-util-subtokenize@^2.0.0
1603 silly packumentCache full:https://registry.npmjs.org/micromark-util-subtokenize cache-miss
1604 http fetch GET 200 https://registry.npmjs.org/micromark-factory-space 25ms (cache miss)
1605 silly packumentCache full:https://registry.npmjs.org/micromark-factory-space set size:undefined disposed:false
1606 http fetch GET 200 https://registry.npmjs.org/micromark-core-commonmark 26ms (cache miss)
1607 silly packumentCache full:https://registry.npmjs.org/micromark-core-commonmark set size:undefined disposed:false
1608 http fetch GET 200 https://registry.npmjs.org/micromark-util-chunked 28ms (cache miss)
1609 silly packumentCache full:https://registry.npmjs.org/micromark-util-chunked set size:undefined disposed:false
1610 http fetch GET 200 https://registry.npmjs.org/micromark-util-subtokenize 30ms (cache miss)
1611 silly packumentCache full:https://registry.npmjs.org/micromark-util-subtokenize set size:undefined disposed:false
1612 http fetch GET 200 https://registry.npmjs.org/character-entities 34ms (cache miss)
1613 silly packumentCache full:https://registry.npmjs.org/character-entities set size:undefined disposed:false
1614 http fetch GET 200 https://registry.npmjs.org/micromark-util-resolve-all 34ms (cache miss)
1615 silly packumentCache full:https://registry.npmjs.org/micromark-util-resolve-all set size:undefined disposed:false
1616 http fetch GET 200 https://registry.npmjs.org/@types%2fdebug 37ms (cache miss)
1617 silly packumentCache full:https://registry.npmjs.org/@types%2fdebug set size:undefined disposed:false
1618 http fetch GET 200 https://registry.npmjs.org/debug 38ms (cache miss)
1619 silly packumentCache full:https://registry.npmjs.org/debug set size:undefined disposed:false
1620 silly placeDep ROOT character-entities@2.0.2 OK for: decode-named-character-reference@1.3.0 want: ^2.0.0
1621 silly placeDep ROOT mdast-util-find-and-replace@3.0.2 OK for: mdast-util-gfm-autolink-literal@2.0.1 want: ^3.0.0
1622 silly fetch manifest escape-string-regexp@^5.0.0
1623 silly packumentCache full:https://registry.npmjs.org/escape-string-regexp cache-miss
1624 http fetch GET 200 https://registry.npmjs.org/escape-string-regexp 27ms (cache miss)
1625 silly packumentCache full:https://registry.npmjs.org/escape-string-regexp set size:undefined disposed:false
1626 silly placeDep ROOT escape-string-regexp@5.0.0 OK for: mdast-util-find-and-replace@3.0.2 want: ^5.0.0
1627 silly placeDep ROOT unist-util-is@6.0.1 OK for: mdast-util-find-and-replace@3.0.2 want: ^6.0.0
1628 silly placeDep ROOT markdown-table@3.0.4 OK for: mdast-util-gfm-table@2.0.0 want: ^3.0.0
1629 silly placeDep ROOT longest-streak@3.1.0 OK for: mdast-util-to-markdown@2.1.2 want: ^3.0.0
1630 silly placeDep ROOT mdast-util-phrasing@4.1.0 OK for: mdast-util-to-markdown@2.1.2 want: ^4.0.0
1631 silly placeDep ROOT micromark-util-classify-character@2.0.1 OK for: mdast-util-to-markdown@2.1.2 want: ^2.0.0
1632 silly placeDep ROOT @types/debug@4.1.13 OK for: micromark@4.0.2 want: ^4.0.0
1633 silly placeDep ROOT debug@4.4.3 OK for: micromark@4.0.2 want: ^4.0.0
1634 silly placeDep ROOT micromark-core-commonmark@2.0.3 OK for: micromark@4.0.2 want: ^2.0.0
1635 silly placeDep ROOT micromark-factory-space@2.0.1 OK for: micromark@4.0.2 want: ^2.0.0
1636 silly placeDep ROOT micromark-util-chunked@2.0.1 OK for: micromark@4.0.2 want: ^2.0.0
1637 silly placeDep ROOT micromark-util-combine-extensions@2.0.1 OK for: micromark@4.0.2 want: ^2.0.0
1638 silly placeDep ROOT micromark-util-resolve-all@2.0.1 OK for: micromark@4.0.2 want: ^2.0.0
1639 silly placeDep ROOT micromark-util-subtokenize@2.1.0 OK for: micromark@4.0.2 want: ^2.0.0
1640 silly fetch manifest @types/ms@*
1641 silly packumentCache full:https://registry.npmjs.org/@types%2fms cache-miss
1642 silly fetch manifest ms@^2.1.3
1643 silly packumentCache full:https://registry.npmjs.org/ms cache-miss
1644 silly fetch manifest micromark-factory-destination@^2.0.0
1645 silly packumentCache full:https://registry.npmjs.org/micromark-factory-destination cache-miss
1646 silly fetch manifest micromark-factory-label@^2.0.0
1647 silly packumentCache full:https://registry.npmjs.org/micromark-factory-label cache-miss
1648 silly fetch manifest micromark-factory-title@^2.0.0
1649 silly packumentCache full:https://registry.npmjs.org/micromark-factory-title cache-miss
1650 silly fetch manifest micromark-factory-whitespace@^2.0.0
1651 silly packumentCache full:https://registry.npmjs.org/micromark-factory-whitespace cache-miss
1652 silly fetch manifest micromark-util-html-tag-name@^2.0.0
1653 silly packumentCache full:https://registry.npmjs.org/micromark-util-html-tag-name cache-miss
1654 http fetch GET 200 https://registry.npmjs.org/ms 22ms (cache miss)
1655 silly packumentCache full:https://registry.npmjs.org/ms set size:undefined disposed:false
1656 http fetch GET 200 https://registry.npmjs.org/micromark-factory-destination 25ms (cache miss)
1657 silly packumentCache full:https://registry.npmjs.org/micromark-factory-destination set size:undefined disposed:false
1658 http fetch GET 200 https://registry.npmjs.org/micromark-factory-whitespace 27ms (cache miss)
1659 silly packumentCache full:https://registry.npmjs.org/micromark-factory-whitespace set size:undefined disposed:false
1660 http fetch GET 200 https://registry.npmjs.org/micromark-factory-label 29ms (cache miss)
1661 silly packumentCache full:https://registry.npmjs.org/micromark-factory-label set size:undefined disposed:false
1662 http fetch GET 200 https://registry.npmjs.org/micromark-util-html-tag-name 30ms (cache miss)
1663 silly packumentCache full:https://registry.npmjs.org/micromark-util-html-tag-name set size:undefined disposed:false
1664 http fetch GET 200 https://registry.npmjs.org/@types%2fms 31ms (cache miss)
1665 silly packumentCache full:https://registry.npmjs.org/@types%2fms set size:undefined disposed:false
1666 http fetch GET 200 https://registry.npmjs.org/micromark-factory-title 31ms (cache miss)
1667 silly packumentCache full:https://registry.npmjs.org/micromark-factory-title set size:undefined disposed:false
1668 silly placeDep ROOT @types/ms@2.1.0 OK for: @types/debug@4.1.13 want: *
1669 silly placeDep ROOT ms@2.1.3 OK for: debug@4.4.3 want: ^2.1.3
1670 silly placeDep ROOT micromark-factory-destination@2.0.1 OK for: micromark-core-commonmark@2.0.3 want: ^2.0.0
1671 silly placeDep ROOT micromark-factory-label@2.0.1 OK for: micromark-core-commonmark@2.0.3 want: ^2.0.0
1672 silly placeDep ROOT micromark-factory-title@2.0.1 OK for: micromark-core-commonmark@2.0.3 want: ^2.0.0
1673 silly placeDep ROOT micromark-factory-whitespace@2.0.1 OK for: micromark-core-commonmark@2.0.3 want: ^2.0.0
1674 silly placeDep ROOT micromark-util-html-tag-name@2.0.1 OK for: micromark-core-commonmark@2.0.3 want: ^2.0.0
1675 silly placeDep ROOT micromark-extension-gfm-autolink-literal@2.1.0 OK for: micromark-extension-gfm@3.0.0 want: ^2.0.0
1676 silly placeDep ROOT micromark-extension-gfm-footnote@2.1.0 OK for: micromark-extension-gfm@3.0.0 want: ^2.0.0
1677 silly placeDep ROOT micromark-extension-gfm-strikethrough@2.1.0 OK for: micromark-extension-gfm@3.0.0 want: ^2.0.0
1678 silly placeDep ROOT micromark-extension-gfm-table@2.1.1 OK for: micromark-extension-gfm@3.0.0 want: ^2.0.0
1679 silly placeDep ROOT micromark-extension-gfm-tagfilter@2.0.0 OK for: micromark-extension-gfm@3.0.0 want: ^2.0.0
1680 silly placeDep ROOT micromark-extension-gfm-task-list-item@2.1.0 OK for: micromark-extension-gfm@3.0.0 want: ^2.0.0
1681 silly placeDep ROOT retext@9.0.0 OK for: remark-smartypants@3.0.2 want: ^9.0.0
1682 silly fetch manifest retext-latin@^4.0.0
1683 silly packumentCache full:https://registry.npmjs.org/retext-latin cache-miss
1684 silly fetch manifest retext-stringify@^4.0.0
1685 silly packumentCache full:https://registry.npmjs.org/retext-stringify cache-miss
1686 http fetch GET 200 https://registry.npmjs.org/retext-latin 34ms (cache miss)
1687 silly packumentCache full:https://registry.npmjs.org/retext-latin set size:undefined disposed:false
1688 http fetch GET 200 https://registry.npmjs.org/retext-stringify 39ms (cache miss)
1689 silly packumentCache full:https://registry.npmjs.org/retext-stringify set size:undefined disposed:false
1690 silly placeDep ROOT @types/nlcst@2.0.3 OK for: retext@9.0.0 want: ^2.0.0
1691 silly placeDep ROOT retext-latin@4.0.0 OK for: retext@9.0.0 want: ^4.0.0
1692 silly placeDep ROOT retext-stringify@4.0.0 OK for: retext@9.0.0 want: ^4.0.0
1693 silly fetch manifest parse-latin@^7.0.0
1694 silly packumentCache full:https://registry.npmjs.org/parse-latin cache-miss
1695 http fetch GET 200 https://registry.npmjs.org/parse-latin 24ms (cache miss)
1696 silly packumentCache full:https://registry.npmjs.org/parse-latin set size:undefined disposed:false
1697 silly placeDep ROOT parse-latin@7.0.0 OK for: retext-latin@4.0.0 want: ^7.0.0
1698 silly fetch manifest unist-util-modify-children@^4.0.0
1699 silly packumentCache full:https://registry.npmjs.org/unist-util-modify-children cache-miss
1700 silly fetch manifest unist-util-visit-children@^3.0.0
1701 silly packumentCache full:https://registry.npmjs.org/unist-util-visit-children cache-miss
1702 http fetch GET 200 https://registry.npmjs.org/unist-util-modify-children 25ms (cache miss)
1703 silly packumentCache full:https://registry.npmjs.org/unist-util-modify-children set size:undefined disposed:false
1704 http fetch GET 200 https://registry.npmjs.org/unist-util-visit-children 26ms (cache miss)
1705 silly packumentCache full:https://registry.npmjs.org/unist-util-visit-children set size:undefined disposed:false
1706 silly placeDep ROOT nlcst-to-string@4.0.0 OK for: parse-latin@7.0.0 want: ^4.0.0
1707 silly placeDep ROOT unist-util-modify-children@4.0.0 OK for: parse-latin@7.0.0 want: ^4.0.0
1708 silly placeDep ROOT unist-util-visit-children@3.0.0 OK for: parse-latin@7.0.0 want: ^3.0.0
1709 silly fetch manifest array-iterate@^2.0.0
1710 silly packumentCache full:https://registry.npmjs.org/array-iterate cache-miss
1711 http fetch GET 200 https://registry.npmjs.org/array-iterate 37ms (cache miss)
1712 silly packumentCache full:https://registry.npmjs.org/array-iterate set size:undefined disposed:false
1713 silly placeDep ROOT @img/colour@1.1.0 OK for: sharp@0.34.5 want: ^1.0.0
1714 silly placeDep ROOT @img/sharp-darwin-arm64@0.34.5 OK for: sharp@0.34.5 want: 0.34.5
1715 silly placeDep ROOT @img/sharp-darwin-x64@0.34.5 OK for: sharp@0.34.5 want: 0.34.5
1716 silly placeDep ROOT @img/sharp-libvips-darwin-arm64@1.2.4 OK for: sharp@0.34.5 want: 1.2.4
1717 silly placeDep ROOT @img/sharp-libvips-darwin-x64@1.2.4 OK for: sharp@0.34.5 want: 1.2.4
1718 silly placeDep ROOT @img/sharp-libvips-linux-arm@1.2.4 OK for: sharp@0.34.5 want: 1.2.4
1719 silly placeDep ROOT @img/sharp-libvips-linux-arm64@1.2.4 OK for: sharp@0.34.5 want: 1.2.4
1720 silly placeDep ROOT @img/sharp-libvips-linux-ppc64@1.2.4 OK for: sharp@0.34.5 want: 1.2.4
1721 silly placeDep ROOT @img/sharp-libvips-linux-riscv64@1.2.4 OK for: sharp@0.34.5 want: 1.2.4
1722 silly placeDep ROOT @img/sharp-libvips-linux-s390x@1.2.4 OK for: sharp@0.34.5 want: 1.2.4
1723 silly placeDep ROOT @img/sharp-libvips-linux-x64@1.2.4 OK for: sharp@0.34.5 want: 1.2.4
1724 silly placeDep ROOT @img/sharp-libvips-linuxmusl-arm64@1.2.4 OK for: sharp@0.34.5 want: 1.2.4
1725 silly placeDep ROOT @img/sharp-libvips-linuxmusl-x64@1.2.4 OK for: sharp@0.34.5 want: 1.2.4
1726 silly placeDep ROOT @img/sharp-linux-arm@0.34.5 OK for: sharp@0.34.5 want: 0.34.5
1727 silly placeDep ROOT @img/sharp-linux-arm64@0.34.5 OK for: sharp@0.34.5 want: 0.34.5
1728 silly placeDep ROOT @img/sharp-linux-ppc64@0.34.5 OK for: sharp@0.34.5 want: 0.34.5
1729 silly placeDep ROOT @img/sharp-linux-riscv64@0.34.5 OK for: sharp@0.34.5 want: 0.34.5
1730 silly placeDep ROOT @img/sharp-linux-s390x@0.34.5 OK for: sharp@0.34.5 want: 0.34.5
1731 silly placeDep ROOT @img/sharp-linux-x64@0.34.5 OK for: sharp@0.34.5 want: 0.34.5
1732 silly placeDep ROOT @img/sharp-linuxmusl-arm64@0.34.5 OK for: sharp@0.34.5 want: 0.34.5
1733 silly placeDep ROOT @img/sharp-linuxmusl-x64@0.34.5 OK for: sharp@0.34.5 want: 0.34.5
1734 silly placeDep ROOT @img/sharp-wasm32@0.34.5 OK for: sharp@0.34.5 want: 0.34.5
1735 silly placeDep ROOT @img/sharp-win32-arm64@0.34.5 OK for: sharp@0.34.5 want: 0.34.5
1736 silly placeDep ROOT @img/sharp-win32-ia32@0.34.5 OK for: sharp@0.34.5 want: 0.34.5
1737 silly placeDep ROOT @img/sharp-win32-x64@0.34.5 OK for: sharp@0.34.5 want: 0.34.5
1738 silly placeDep ROOT detect-libc@2.1.2 OK for: sharp@0.34.5 want: ^2.1.2
1739 silly fetch manifest @emnapi/runtime@^1.7.0
1740 silly packumentCache full:https://registry.npmjs.org/@emnapi%2fruntime cache-miss
1741 http fetch GET 200 https://registry.npmjs.org/@emnapi%2fruntime 53ms (cache miss)
1742 silly packumentCache full:https://registry.npmjs.org/@emnapi%2fruntime set size:undefined disposed:false
1743 silly placeDep ROOT @emnapi/runtime@1.10.0 OK for: @img/sharp-wasm32@0.34.5 want: ^1.7.0
1744 silly fetch manifest tslib@^2.4.0
1745 silly packumentCache full:https://registry.npmjs.org/tslib cache-miss
1746 http fetch GET 200 https://registry.npmjs.org/tslib 33ms (cache miss)
1747 silly packumentCache full:https://registry.npmjs.org/tslib set size:undefined disposed:false
1748 silly placeDep ROOT tslib@2.8.1 OK for: @emnapi/runtime@1.10.0 want: ^2.4.0
1749 silly placeDep ROOT @shikijs/core@4.0.2 OK for: shiki@4.0.2 want: 4.0.2
1750 silly placeDep ROOT @shikijs/engine-javascript@4.0.2 OK for: shiki@4.0.2 want: 4.0.2
1751 silly placeDep ROOT @shikijs/engine-oniguruma@4.0.2 OK for: shiki@4.0.2 want: 4.0.2
1752 silly placeDep ROOT @shikijs/langs@4.0.2 OK for: shiki@4.0.2 want: 4.0.2
1753 silly placeDep ROOT @shikijs/themes@4.0.2 OK for: shiki@4.0.2 want: 4.0.2
1754 silly placeDep ROOT @shikijs/types@4.0.2 OK for: shiki@4.0.2 want: 4.0.2
1755 silly placeDep ROOT @shikijs/vscode-textmate@10.0.2 OK for: shiki@4.0.2 want: ^10.0.2
1756 silly fetch manifest @shikijs/primitive@4.0.2
1757 silly packumentCache full:https://registry.npmjs.org/@shikijs%2fprimitive cache-miss
1758 silly fetch manifest oniguruma-to-es@^4.3.4
1759 silly packumentCache full:https://registry.npmjs.org/oniguruma-to-es cache-miss
1760 http fetch GET 200 https://registry.npmjs.org/@shikijs%2fprimitive 41ms (cache miss)
1761 silly packumentCache full:https://registry.npmjs.org/@shikijs%2fprimitive set size:undefined disposed:false
1762 http fetch GET 200 https://registry.npmjs.org/oniguruma-to-es 46ms (cache miss)
1763 silly packumentCache full:https://registry.npmjs.org/oniguruma-to-es set size:undefined disposed:false
1764 silly placeDep ROOT @shikijs/primitive@4.0.2 OK for: @shikijs/core@4.0.2 want: 4.0.2
1765 silly placeDep ROOT oniguruma-to-es@4.3.6 OK for: @shikijs/engine-javascript@4.0.2 want: ^4.3.4
1766 silly fetch manifest oniguruma-parser@^0.12.2
1767 silly packumentCache full:https://registry.npmjs.org/oniguruma-parser cache-miss
1768 silly fetch manifest regex@^6.1.0
1769 silly packumentCache full:https://registry.npmjs.org/regex cache-miss
1770 silly fetch manifest regex-recursion@^6.0.2
1771 silly packumentCache full:https://registry.npmjs.org/regex-recursion cache-miss
1772 http fetch GET 200 https://registry.npmjs.org/regex 29ms (cache miss)
1773 silly packumentCache full:https://registry.npmjs.org/regex set size:undefined disposed:false
1774 http fetch GET 200 https://registry.npmjs.org/regex-recursion 30ms (cache miss)
1775 silly packumentCache full:https://registry.npmjs.org/regex-recursion set size:undefined disposed:false
1776 http fetch GET 200 https://registry.npmjs.org/oniguruma-parser 42ms (cache miss)
1777 silly packumentCache full:https://registry.npmjs.org/oniguruma-parser set size:undefined disposed:false
1778 silly placeDep ROOT oniguruma-parser@0.12.2 OK for: oniguruma-to-es@4.3.6 want: ^0.12.2
1779 silly placeDep ROOT regex@6.1.0 OK for: oniguruma-to-es@4.3.6 want: ^6.1.0
1780 silly placeDep ROOT regex-recursion@6.0.2 OK for: oniguruma-to-es@4.3.6 want: ^6.0.2
1781 silly fetch manifest regex-utilities@^2.3.0
1782 silly packumentCache full:https://registry.npmjs.org/regex-utilities cache-miss
1783 silly fetch manifest regex-utilities@^2.3.0
1784 silly packumentCache full:https://registry.npmjs.org/regex-utilities cache-miss
1785 http fetch GET 200 https://registry.npmjs.org/regex-utilities 24ms (cache miss)
1786 silly packumentCache full:https://registry.npmjs.org/regex-utilities set size:undefined disposed:false
1787 http fetch GET 200 https://registry.npmjs.org/regex-utilities 28ms (cache miss)
1788 silly packumentCache full:https://registry.npmjs.org/regex-utilities set size:undefined disposed:false
1789 silly placeDep ROOT regex-utilities@2.3.0 OK for: regex@6.1.0 want: ^2.3.0
1790 silly placeDep ROOT character-entities-html4@2.1.0 OK for: stringify-entities@4.0.4 want: ^2.0.0
1791 silly placeDep ROOT character-entities-legacy@3.0.0 OK for: stringify-entities@4.0.4 want: ^3.0.0
1792 silly placeDep ROOT commander@11.1.0 OK for: svgo@4.0.1 want: ^11.1.0
1793 silly placeDep ROOT css-select@5.2.2 OK for: svgo@4.0.1 want: ^5.1.0
1794 silly placeDep ROOT css-tree@3.2.1 OK for: svgo@4.0.1 want: ^3.0.1
1795 silly placeDep ROOT css-what@6.2.2 OK for: svgo@4.0.1 want: ^6.1.0
1796 silly placeDep ROOT csso@5.0.5 OK for: svgo@4.0.1 want: ^5.0.5
1797 silly placeDep ROOT picocolors@1.1.1 OK for: svgo@4.0.1 want: ^1.1.1
1798 silly placeDep ROOT sax@1.6.0 OK for: svgo@4.0.1 want: ^1.5.0
1799 silly fetch manifest boolbase@^1.0.0
1800 silly packumentCache full:https://registry.npmjs.org/boolbase cache-miss
1801 silly fetch manifest domutils@^3.0.1
1802 silly packumentCache full:https://registry.npmjs.org/domutils cache-miss
1803 silly fetch manifest nth-check@^2.0.1
1804 silly packumentCache full:https://registry.npmjs.org/nth-check cache-miss
1805 silly fetch manifest domhandler@^5.0.2
1806 silly packumentCache full:https://registry.npmjs.org/domhandler cache-miss
1807 silly fetch manifest mdn-data@2.27.1
1808 silly packumentCache full:https://registry.npmjs.org/mdn-data cache-miss
1809 silly fetch manifest css-tree@~2.2.0
1810 silly packumentCache full:https://registry.npmjs.org/css-tree cache-hit
1811 http fetch GET 200 https://registry.npmjs.org/boolbase 28ms (cache miss)
1812 silly packumentCache full:https://registry.npmjs.org/boolbase set size:undefined disposed:false
1813 http fetch GET 200 https://registry.npmjs.org/nth-check 29ms (cache miss)
1814 silly packumentCache full:https://registry.npmjs.org/nth-check set size:undefined disposed:false
1815 http fetch GET 200 https://registry.npmjs.org/mdn-data 28ms (cache miss)
1816 silly packumentCache full:https://registry.npmjs.org/mdn-data set size:undefined disposed:false
1817 http fetch GET 200 https://registry.npmjs.org/domutils 34ms (cache miss)
1818 silly packumentCache full:https://registry.npmjs.org/domutils set size:undefined disposed:false
1819 http fetch GET 200 https://registry.npmjs.org/domhandler 37ms (cache miss)
1820 silly packumentCache full:https://registry.npmjs.org/domhandler set size:undefined disposed:false
1821 silly placeDep ROOT boolbase@1.0.0 OK for: css-select@5.2.2 want: ^1.0.0
1822 silly placeDep ROOT domhandler@5.0.3 OK for: css-select@5.2.2 want: ^5.0.2
1823 silly placeDep ROOT domutils@3.2.2 OK for: css-select@5.2.2 want: ^3.0.1
1824 silly placeDep ROOT nth-check@2.1.1 OK for: css-select@5.2.2 want: ^2.0.1
1825 silly fetch manifest domelementtype@^2.3.0
1826 silly packumentCache full:https://registry.npmjs.org/domelementtype cache-miss
1827 silly fetch manifest dom-serializer@^2.0.0
1828 silly packumentCache full:https://registry.npmjs.org/dom-serializer cache-miss
1829 silly fetch manifest domelementtype@^2.3.0
1830 silly packumentCache full:https://registry.npmjs.org/domelementtype cache-miss
1831 http fetch GET 200 https://registry.npmjs.org/domelementtype 20ms (cache miss)
1832 silly packumentCache full:https://registry.npmjs.org/domelementtype set size:undefined disposed:false
1833 http fetch GET 200 https://registry.npmjs.org/domelementtype 27ms (cache miss)
1834 silly packumentCache full:https://registry.npmjs.org/domelementtype set size:undefined disposed:false
1835 http fetch GET 200 https://registry.npmjs.org/dom-serializer 31ms (cache miss)
1836 silly packumentCache full:https://registry.npmjs.org/dom-serializer set size:undefined disposed:false
1837 silly placeDep ROOT mdn-data@2.27.1 OK for: css-tree@3.2.1 want: 2.27.1
1838 silly placeDep node_modules/csso css-tree@2.2.1 OK for: csso@5.0.5 want: ~2.2.0
1839 silly fetch manifest mdn-data@2.0.28
1840 silly packumentCache full:https://registry.npmjs.org/mdn-data cache-miss
1841 http cache https://registry.npmjs.org/mdn-data 0ms (cache hit)
1842 silly packumentCache full:https://registry.npmjs.org/mdn-data set size:174141 disposed:false
1843 silly placeDep ROOT domelementtype@2.3.0 OK for: domhandler@5.0.3 want: ^2.3.0
1844 silly placeDep ROOT dom-serializer@2.0.0 OK for: domutils@3.2.2 want: ^2.0.0
1845 silly fetch manifest entities@^4.2.0
1846 silly packumentCache full:https://registry.npmjs.org/entities cache-miss
1847 http cache https://registry.npmjs.org/entities 1ms (cache hit)
1848 silly packumentCache full:https://registry.npmjs.org/entities set size:101550 disposed:false
1849 silly placeDep node_modules/dom-serializer entities@4.5.0 OK for: dom-serializer@2.0.0 want: ^4.2.0
1850 silly placeDep ROOT fdir@6.5.0 OK for: tinyglobby@0.2.16 want: ^6.5.0
1851 silly placeDep ROOT bail@2.0.2 OK for: unified@11.0.5 want: ^2.0.0
1852 silly placeDep ROOT extend@3.0.2 OK for: unified@11.0.5 want: ^3.0.0
1853 silly placeDep ROOT is-plain-obj@4.1.0 OK for: unified@11.0.5 want: ^4.0.0
1854 silly placeDep ROOT trough@2.2.0 OK for: unified@11.0.5 want: ^2.0.0
1855 silly placeDep ROOT ofetch@1.5.1 OK for: unifont@0.7.4 want: ^1.5.1
1856 silly placeDep ROOT ohash@2.0.11 OK for: unifont@0.7.4 want: ^2.0.11
1857 silly fetch manifest ufo@^1.6.1
1858 silly packumentCache full:https://registry.npmjs.org/ufo cache-miss
1859 http cache https://registry.npmjs.org/ufo 1ms (cache hit)
1860 silly packumentCache full:https://registry.npmjs.org/ufo set size:169119 disposed:false
1861 silly placeDep ROOT destr@2.0.5 OK for: ofetch@1.5.1 want: ^2.0.5
1862 silly placeDep ROOT node-fetch-native@1.6.7 OK for: ofetch@1.5.1 want: ^1.6.7
1863 silly placeDep ROOT ufo@1.6.4 OK for: ofetch@1.5.1 want: ^1.6.1
1864 silly placeDep ROOT array-iterate@2.0.1 OK for: unist-util-modify-children@4.0.0 want: ^2.0.0
1865 silly placeDep ROOT anymatch@3.1.3 OK for: unstorage@1.17.5 want: ^3.1.3
1866 silly placeDep ROOT chokidar@5.0.0 OK for: unstorage@1.17.5 want: ^5.0.0
1867 silly placeDep ROOT h3@1.15.11 OK for: unstorage@1.17.5 want: ^1.15.10
1868 silly placeDep ROOT lru-cache@11.3.5 OK for: unstorage@1.17.5 want: ^11.2.7
1869 silly fetch manifest picomatch@^2.0.4
1870 silly packumentCache full:https://registry.npmjs.org/picomatch cache-hit
1871 silly fetch manifest normalize-path@^3.0.0
1872 silly packumentCache full:https://registry.npmjs.org/normalize-path cache-miss
1873 silly fetch manifest readdirp@^5.0.0
1874 silly packumentCache full:https://registry.npmjs.org/readdirp cache-miss
1875 silly fetch manifest defu@^6.1.6
1876 silly packumentCache full:https://registry.npmjs.org/defu cache-miss
1877 silly fetch manifest radix3@^1.1.2
1878 silly packumentCache full:https://registry.npmjs.org/radix3 cache-miss
1879 silly fetch manifest crossws@^0.3.5
1880 silly packumentCache full:https://registry.npmjs.org/crossws cache-miss
1881 silly fetch manifest uncrypto@^0.1.3
1882 silly packumentCache full:https://registry.npmjs.org/uncrypto cache-miss
1883 silly fetch manifest cookie-es@^1.2.3
1884 silly packumentCache full:https://registry.npmjs.org/cookie-es cache-miss
1885 silly fetch manifest iron-webcrypto@^1.2.1
1886 silly packumentCache full:https://registry.npmjs.org/iron-webcrypto cache-miss
1887 silly fetch manifest node-mock-http@^1.0.4
1888 silly packumentCache full:https://registry.npmjs.org/node-mock-http cache-miss
1889 http cache https://registry.npmjs.org/crossws 2ms (cache hit)
1890 silly packumentCache full:https://registry.npmjs.org/crossws set size:90765 disposed:false
1891 http fetch GET 200 https://registry.npmjs.org/defu 22ms (cache miss)
1892 silly packumentCache full:https://registry.npmjs.org/defu set size:undefined disposed:false
1893 http fetch GET 200 https://registry.npmjs.org/readdirp 23ms (cache miss)
1894 silly packumentCache full:https://registry.npmjs.org/readdirp set size:undefined disposed:false
1895 http fetch GET 200 https://registry.npmjs.org/iron-webcrypto 25ms (cache miss)
1896 silly packumentCache full:https://registry.npmjs.org/iron-webcrypto set size:undefined disposed:false
1897 http fetch GET 200 https://registry.npmjs.org/radix3 27ms (cache miss)
1898 silly packumentCache full:https://registry.npmjs.org/radix3 set size:undefined disposed:false
1899 http fetch GET 200 https://registry.npmjs.org/normalize-path 29ms (cache miss)
1900 silly packumentCache full:https://registry.npmjs.org/normalize-path set size:undefined disposed:false
1901 http fetch GET 200 https://registry.npmjs.org/node-mock-http 28ms (cache miss)
1902 silly packumentCache full:https://registry.npmjs.org/node-mock-http set size:undefined disposed:false
1903 http fetch GET 200 https://registry.npmjs.org/cookie-es 33ms (cache miss)
1904 silly packumentCache full:https://registry.npmjs.org/cookie-es set size:undefined disposed:false
1905 http fetch GET 200 https://registry.npmjs.org/uncrypto 37ms (cache miss)
1906 silly packumentCache full:https://registry.npmjs.org/uncrypto set size:undefined disposed:false
1907 silly placeDep ROOT normalize-path@3.0.0 OK for: anymatch@3.1.3 want: ^3.0.0
1908 silly placeDep node_modules/anymatch picomatch@2.3.2 OK for: anymatch@3.1.3 want: ^2.0.4
1909 silly placeDep ROOT readdirp@5.0.0 OK for: chokidar@5.0.0 want: ^5.0.0
1910 silly placeDep ROOT cookie-es@1.2.3 OK for: h3@1.15.11 want: ^1.2.3
1911 silly placeDep ROOT crossws@0.3.5 OK for: h3@1.15.11 want: ^0.3.5
1912 silly placeDep ROOT defu@6.1.7 OK for: h3@1.15.11 want: ^6.1.6
1913 silly placeDep ROOT iron-webcrypto@1.2.1 OK for: h3@1.15.11 want: ^1.2.1
1914 silly placeDep ROOT node-mock-http@1.0.4 OK for: h3@1.15.11 want: ^1.0.4
1915 silly placeDep ROOT radix3@1.1.2 OK for: h3@1.15.11 want: ^1.1.2
1916 silly placeDep ROOT uncrypto@0.1.3 OK for: h3@1.15.11 want: ^0.1.3
1917 silly placeDep ROOT fsevents@2.3.3 OK for: vite@7.3.2 want: ~2.3.3
1918 silly placeDep ROOT postcss@8.5.12 OK for: vite@7.3.2 want: ^8.5.6
1919 silly placeDep ROOT rollup@4.60.2 OK for: vite@7.3.2 want: ^4.43.0
1920 silly fetch manifest nanoid@^3.3.11
1921 silly packumentCache full:https://registry.npmjs.org/nanoid cache-miss
1922 silly fetch manifest @rollup/rollup-darwin-arm64@4.60.2
1923 silly packumentCache full:https://registry.npmjs.org/@rollup%2frollup-darwin-arm64 cache-miss
1924 silly fetch manifest @rollup/rollup-android-arm64@4.60.2
1925 silly packumentCache full:https://registry.npmjs.org/@rollup%2frollup-android-arm64 cache-miss
1926 silly fetch manifest @rollup/rollup-win32-arm64-msvc@4.60.2
1927 silly packumentCache full:https://registry.npmjs.org/@rollup%2frollup-win32-arm64-msvc cache-miss
1928 silly fetch manifest @rollup/rollup-freebsd-arm64@4.60.2
1929 silly packumentCache full:https://registry.npmjs.org/@rollup%2frollup-freebsd-arm64 cache-miss
1930 silly fetch manifest @rollup/rollup-linux-arm64-gnu@4.60.2
1931 silly packumentCache full:https://registry.npmjs.org/@rollup%2frollup-linux-arm64-gnu cache-miss
1932 silly fetch manifest @rollup/rollup-linux-arm64-musl@4.60.2
1933 silly packumentCache full:https://registry.npmjs.org/@rollup%2frollup-linux-arm64-musl cache-miss
1934 silly fetch manifest @rollup/rollup-android-arm-eabi@4.60.2
1935 silly packumentCache full:https://registry.npmjs.org/@rollup%2frollup-android-arm-eabi cache-miss
1936 silly fetch manifest @rollup/rollup-linux-arm-gnueabihf@4.60.2
1937 silly packumentCache full:https://registry.npmjs.org/@rollup%2frollup-linux-arm-gnueabihf cache-miss
1938 http fetch GET 200 https://registry.npmjs.org/nanoid 36ms (cache miss)
1939 silly packumentCache full:https://registry.npmjs.org/nanoid set size:undefined disposed:false
1940 silly fetch manifest @rollup/rollup-linux-arm-musleabihf@4.60.2
1941 silly packumentCache full:https://registry.npmjs.org/@rollup%2frollup-linux-arm-musleabihf cache-miss
1942 http fetch GET 200 https://registry.npmjs.org/@rollup%2frollup-win32-arm64-msvc 41ms (cache miss)
1943 silly packumentCache full:https://registry.npmjs.org/@rollup%2frollup-win32-arm64-msvc set size:undefined disposed:false
1944 silly fetch manifest @rollup/rollup-win32-ia32-msvc@4.60.2
1945 silly packumentCache full:https://registry.npmjs.org/@rollup%2frollup-win32-ia32-msvc cache-miss
1946 http fetch GET 200 https://registry.npmjs.org/@rollup%2frollup-darwin-arm64 46ms (cache miss)
1947 silly packumentCache full:https://registry.npmjs.org/@rollup%2frollup-darwin-arm64 set size:undefined disposed:false
1948 silly fetch manifest @rollup/rollup-linux-loong64-gnu@4.60.2
1949 silly packumentCache full:https://registry.npmjs.org/@rollup%2frollup-linux-loong64-gnu cache-miss
1950 http fetch GET 200 https://registry.npmjs.org/@rollup%2frollup-android-arm64 50ms (cache miss)
1951 silly packumentCache full:https://registry.npmjs.org/@rollup%2frollup-android-arm64 set size:undefined disposed:false
1952 silly fetch manifest @rollup/rollup-linux-loong64-musl@4.60.2
1953 silly packumentCache full:https://registry.npmjs.org/@rollup%2frollup-linux-loong64-musl cache-miss
1954 http fetch GET 200 https://registry.npmjs.org/@rollup%2frollup-freebsd-arm64 51ms (cache miss)
1955 silly packumentCache full:https://registry.npmjs.org/@rollup%2frollup-freebsd-arm64 set size:undefined disposed:false
1956 silly fetch manifest @rollup/rollup-linux-riscv64-gnu@4.60.2
1957 silly packumentCache full:https://registry.npmjs.org/@rollup%2frollup-linux-riscv64-gnu cache-miss
1958 http fetch GET 200 https://registry.npmjs.org/@rollup%2frollup-linux-arm64-musl 55ms (cache miss)
1959 silly packumentCache full:https://registry.npmjs.org/@rollup%2frollup-linux-arm64-musl set size:undefined disposed:false
1960 silly fetch manifest @rollup/rollup-linux-riscv64-musl@4.60.2
1961 silly packumentCache full:https://registry.npmjs.org/@rollup%2frollup-linux-riscv64-musl cache-miss
1962 http fetch GET 200 https://registry.npmjs.org/@rollup%2frollup-linux-arm64-gnu 56ms (cache miss)
1963 silly packumentCache full:https://registry.npmjs.org/@rollup%2frollup-linux-arm64-gnu set size:undefined disposed:false
1964 silly fetch manifest @rollup/rollup-linux-ppc64-gnu@4.60.2
1965 silly packumentCache full:https://registry.npmjs.org/@rollup%2frollup-linux-ppc64-gnu cache-miss
1966 http fetch GET 200 https://registry.npmjs.org/@rollup%2frollup-linux-arm-gnueabihf 57ms (cache miss)
1967 silly packumentCache full:https://registry.npmjs.org/@rollup%2frollup-linux-arm-gnueabihf set size:undefined disposed:false
1968 silly fetch manifest @rollup/rollup-linux-ppc64-musl@4.60.2
1969 silly packumentCache full:https://registry.npmjs.org/@rollup%2frollup-linux-ppc64-musl cache-miss
1970 http fetch GET 200 https://registry.npmjs.org/@rollup%2frollup-android-arm-eabi 74ms (cache miss)
1971 silly packumentCache full:https://registry.npmjs.org/@rollup%2frollup-android-arm-eabi set size:undefined disposed:false
1972 silly fetch manifest @rollup/rollup-linux-s390x-gnu@4.60.2
1973 silly packumentCache full:https://registry.npmjs.org/@rollup%2frollup-linux-s390x-gnu cache-miss
1974 http fetch GET 200 https://registry.npmjs.org/@rollup%2frollup-linux-loong64-gnu 33ms (cache miss)
1975 silly packumentCache full:https://registry.npmjs.org/@rollup%2frollup-linux-loong64-gnu set size:undefined disposed:false
1976 silly fetch manifest @rollup/rollup-darwin-x64@4.60.2
1977 silly packumentCache full:https://registry.npmjs.org/@rollup%2frollup-darwin-x64 cache-miss
1978 http fetch GET 200 https://registry.npmjs.org/@rollup%2frollup-linux-arm-musleabihf 52ms (cache miss)
1979 silly packumentCache full:https://registry.npmjs.org/@rollup%2frollup-linux-arm-musleabihf set size:undefined disposed:false
1980 silly fetch manifest @rollup/rollup-win32-x64-gnu@4.60.2
1981 silly packumentCache full:https://registry.npmjs.org/@rollup%2frollup-win32-x64-gnu cache-miss
1982 http fetch GET 200 https://registry.npmjs.org/@rollup%2frollup-linux-ppc64-gnu 37ms (cache miss)
1983 silly packumentCache full:https://registry.npmjs.org/@rollup%2frollup-linux-ppc64-gnu set size:undefined disposed:false
1984 silly fetch manifest @rollup/rollup-win32-x64-msvc@4.60.2
1985 silly packumentCache full:https://registry.npmjs.org/@rollup%2frollup-win32-x64-msvc cache-miss
1986 http fetch GET 200 https://registry.npmjs.org/@rollup%2frollup-linux-loong64-musl 45ms (cache miss)
1987 silly packumentCache full:https://registry.npmjs.org/@rollup%2frollup-linux-loong64-musl set size:undefined disposed:false
1988 silly fetch manifest @rollup/rollup-freebsd-x64@4.60.2
1989 silly packumentCache full:https://registry.npmjs.org/@rollup%2frollup-freebsd-x64 cache-miss
1990 http fetch GET 200 https://registry.npmjs.org/@rollup%2frollup-linux-riscv64-musl 41ms (cache miss)
1991 silly packumentCache full:https://registry.npmjs.org/@rollup%2frollup-linux-riscv64-musl set size:undefined disposed:false
1992 silly fetch manifest @rollup/rollup-linux-x64-gnu@4.60.2
1993 silly packumentCache full:https://registry.npmjs.org/@rollup%2frollup-linux-x64-gnu cache-miss
1994 http fetch GET 200 https://registry.npmjs.org/@rollup%2frollup-linux-riscv64-gnu 46ms (cache miss)
1995 silly packumentCache full:https://registry.npmjs.org/@rollup%2frollup-linux-riscv64-gnu set size:undefined disposed:false
1996 silly fetch manifest @rollup/rollup-linux-x64-musl@4.60.2
1997 silly packumentCache full:https://registry.npmjs.org/@rollup%2frollup-linux-x64-musl cache-miss
1998 http fetch GET 200 https://registry.npmjs.org/@rollup%2frollup-linux-ppc64-musl 41ms (cache miss)
1999 silly packumentCache full:https://registry.npmjs.org/@rollup%2frollup-linux-ppc64-musl set size:undefined disposed:false
2000 silly fetch manifest @rollup/rollup-openbsd-x64@4.60.2
2001 silly packumentCache full:https://registry.npmjs.org/@rollup%2frollup-openbsd-x64 cache-miss
2002 http fetch GET 200 https://registry.npmjs.org/@rollup%2frollup-win32-ia32-msvc 58ms (cache miss)
2003 silly packumentCache full:https://registry.npmjs.org/@rollup%2frollup-win32-ia32-msvc set size:undefined disposed:false
2004 silly fetch manifest @rollup/rollup-openharmony-arm64@4.60.2
2005 silly packumentCache full:https://registry.npmjs.org/@rollup%2frollup-openharmony-arm64 cache-miss
2006 http fetch GET 200 https://registry.npmjs.org/@rollup%2frollup-darwin-x64 36ms (cache miss)
2007 silly packumentCache full:https://registry.npmjs.org/@rollup%2frollup-darwin-x64 set size:undefined disposed:false
2008 http fetch GET 200 https://registry.npmjs.org/@rollup%2frollup-win32-x64-msvc 40ms (cache miss)
2009 silly packumentCache full:https://registry.npmjs.org/@rollup%2frollup-win32-x64-msvc set size:undefined disposed:false
2010 http fetch GET 200 https://registry.npmjs.org/@rollup%2frollup-linux-s390x-gnu 63ms (cache miss)
2011 silly packumentCache full:https://registry.npmjs.org/@rollup%2frollup-linux-s390x-gnu set size:undefined disposed:false
2012 http fetch GET 200 https://registry.npmjs.org/@rollup%2frollup-win32-x64-gnu 49ms (cache miss)
2013 silly packumentCache full:https://registry.npmjs.org/@rollup%2frollup-win32-x64-gnu set size:undefined disposed:false
2014 http fetch GET 200 https://registry.npmjs.org/@rollup%2frollup-openbsd-x64 41ms (cache miss)
2015 silly packumentCache full:https://registry.npmjs.org/@rollup%2frollup-openbsd-x64 set size:undefined disposed:false
2016 http fetch GET 200 https://registry.npmjs.org/@rollup%2frollup-openharmony-arm64 40ms (cache miss)
2017 silly packumentCache full:https://registry.npmjs.org/@rollup%2frollup-openharmony-arm64 set size:undefined disposed:false
2018 http fetch GET 200 https://registry.npmjs.org/@rollup%2frollup-linux-x64-gnu 45ms (cache miss)
2019 silly packumentCache full:https://registry.npmjs.org/@rollup%2frollup-linux-x64-gnu set size:undefined disposed:false
2020 http fetch GET 200 https://registry.npmjs.org/@rollup%2frollup-freebsd-x64 46ms (cache miss)
2021 silly packumentCache full:https://registry.npmjs.org/@rollup%2frollup-freebsd-x64 set size:undefined disposed:false
2022 http fetch GET 200 https://registry.npmjs.org/@rollup%2frollup-linux-x64-musl 49ms (cache miss)
2023 silly packumentCache full:https://registry.npmjs.org/@rollup%2frollup-linux-x64-musl set size:undefined disposed:false
2024 silly placeDep ROOT nanoid@3.3.11 OK for: postcss@8.5.12 want: ^3.3.11
2025 silly placeDep ROOT @rollup/rollup-android-arm-eabi@4.60.2 OK for: rollup@4.60.2 want: 4.60.2
2026 silly placeDep ROOT @rollup/rollup-android-arm64@4.60.2 OK for: rollup@4.60.2 want: 4.60.2
2027 silly placeDep ROOT @rollup/rollup-darwin-arm64@4.60.2 OK for: rollup@4.60.2 want: 4.60.2
2028 silly placeDep ROOT @rollup/rollup-darwin-x64@4.60.2 OK for: rollup@4.60.2 want: 4.60.2
2029 silly placeDep ROOT @rollup/rollup-freebsd-arm64@4.60.2 OK for: rollup@4.60.2 want: 4.60.2
2030 silly placeDep ROOT @rollup/rollup-freebsd-x64@4.60.2 OK for: rollup@4.60.2 want: 4.60.2
2031 silly placeDep ROOT @rollup/rollup-linux-arm-gnueabihf@4.60.2 OK for: rollup@4.60.2 want: 4.60.2
2032 silly placeDep ROOT @rollup/rollup-linux-arm-musleabihf@4.60.2 OK for: rollup@4.60.2 want: 4.60.2
2033 silly placeDep ROOT @rollup/rollup-linux-arm64-gnu@4.60.2 OK for: rollup@4.60.2 want: 4.60.2
2034 silly placeDep ROOT @rollup/rollup-linux-arm64-musl@4.60.2 OK for: rollup@4.60.2 want: 4.60.2
2035 silly placeDep ROOT @rollup/rollup-linux-loong64-gnu@4.60.2 OK for: rollup@4.60.2 want: 4.60.2
2036 silly placeDep ROOT @rollup/rollup-linux-loong64-musl@4.60.2 OK for: rollup@4.60.2 want: 4.60.2
2037 silly placeDep ROOT @rollup/rollup-linux-ppc64-gnu@4.60.2 OK for: rollup@4.60.2 want: 4.60.2
2038 silly placeDep ROOT @rollup/rollup-linux-ppc64-musl@4.60.2 OK for: rollup@4.60.2 want: 4.60.2
2039 silly placeDep ROOT @rollup/rollup-linux-riscv64-gnu@4.60.2 OK for: rollup@4.60.2 want: 4.60.2
2040 silly placeDep ROOT @rollup/rollup-linux-riscv64-musl@4.60.2 OK for: rollup@4.60.2 want: 4.60.2
2041 silly placeDep ROOT @rollup/rollup-linux-s390x-gnu@4.60.2 OK for: rollup@4.60.2 want: 4.60.2
2042 silly placeDep ROOT @rollup/rollup-linux-x64-gnu@4.60.2 OK for: rollup@4.60.2 want: 4.60.2
2043 silly placeDep ROOT @rollup/rollup-linux-x64-musl@4.60.2 OK for: rollup@4.60.2 want: 4.60.2
2044 silly placeDep ROOT @rollup/rollup-openbsd-x64@4.60.2 OK for: rollup@4.60.2 want: 4.60.2
2045 silly placeDep ROOT @rollup/rollup-openharmony-arm64@4.60.2 OK for: rollup@4.60.2 want: 4.60.2
2046 silly placeDep ROOT @rollup/rollup-win32-arm64-msvc@4.60.2 OK for: rollup@4.60.2 want: 4.60.2
2047 silly placeDep ROOT @rollup/rollup-win32-ia32-msvc@4.60.2 OK for: rollup@4.60.2 want: 4.60.2
2048 silly placeDep ROOT @rollup/rollup-win32-x64-gnu@4.60.2 OK for: rollup@4.60.2 want: 4.60.2
2049 silly placeDep ROOT @rollup/rollup-win32-x64-msvc@4.60.2 OK for: rollup@4.60.2 want: 4.60.2
2050 silly placeDep node_modules/csso mdn-data@2.0.28 OK for: css-tree@2.2.1 want: 2.0.28
2051 silly reify moves {}
2052 silly audit bulk request {
2052 silly audit   astro: [ '6.2.0' ],
2052 silly audit   '@astrojs/compiler': [ '4.0.0' ],
2052 silly audit   '@astrojs/internal-helpers': [ '0.9.0' ],
2052 silly audit   '@astrojs/markdown-remark': [ '7.1.1' ],
2052 silly audit   '@astrojs/telemetry': [ '3.3.1' ],
2052 silly audit   '@capsizecss/unpack': [ '4.0.0' ],
2052 silly audit   '@clack/prompts': [ '1.3.0' ],
2052 silly audit   '@oslojs/encoding': [ '1.1.0' ],
2052 silly audit   '@rollup/pluginutils': [ '5.3.0' ],
2052 silly audit   'aria-query': [ '5.3.2' ],
2052 silly audit   'axobject-query': [ '4.1.0' ],
2052 silly audit   'ci-info': [ '4.4.0' ],
2052 silly audit   clsx: [ '2.1.1' ],
2052 silly audit   'common-ancestor-path': [ '2.0.0' ],
2052 silly audit   cookie: [ '1.1.1' ],
2052 silly audit   devalue: [ '5.7.1' ],
2052 silly audit   diff: [ '8.0.4' ],
2052 silly audit   dset: [ '3.1.4' ],
2052 silly audit   'es-module-lexer': [ '2.1.0' ],
2052 silly audit   esbuild: [ '0.27.7' ],
2052 silly audit   flattie: [ '1.1.1' ],
2052 silly audit   fontace: [ '0.4.1' ],
2052 silly audit   'github-slugger': [ '2.0.0' ],
2052 silly audit   'html-escaper': [ '3.0.3' ],
2052 silly audit   'http-cache-semantics': [ '4.2.0' ],
2052 silly audit   'js-yaml': [ '4.1.1' ],
2052 silly audit   'magic-string': [ '0.30.21' ],
2052 silly audit   magicast: [ '0.5.2' ],
2052 silly audit   mrmime: [ '2.0.1' ],
2052 silly audit   neotraverse: [ '0.6.18' ],
2052 silly audit   obug: [ '2.1.1' ],
2052 silly audit   'p-limit': [ '7.3.0' ],
2052 silly audit   'p-queue': [ '9.2.0' ],
2052 silly audit   'package-manager-detector': [ '1.6.0' ],
2052 silly audit   piccolore: [ '0.1.3' ],
2052 silly audit   picomatch: [ '4.0.4', '2.3.2' ],
2052 silly audit   rehype: [ '13.0.2' ],
2052 silly audit   semver: [ '7.7.4' ],
2052 silly audit   sharp: [ '0.34.5' ],
2052 silly audit   shiki: [ '4.0.2' ],
2052 silly audit   'smol-toml': [ '1.6.1' ],
2052 silly audit   svgo: [ '4.0.1' ],
2052 silly audit   tinyclip: [ '0.1.12' ],
2052 silly audit   tinyexec: [ '1.1.2' ],
2052 silly audit   tinyglobby: [ '0.2.16' ],
2052 silly audit   tsconfck: [ '3.1.6' ],
2052 silly audit   ultrahtml: [ '1.6.0' ],
2052 silly audit   unifont: [ '0.7.4' ],
2052 silly audit   'unist-util-visit': [ '5.1.0' ],
2052 silly audit   unstorage: [ '1.17.5' ],
2052 silly audit   vfile: [ '6.0.3' ],
2052 silly audit   vite: [ '7.3.2' ],
2052 silly audit   vitefu: [ '1.1.3' ],
2052 silly audit   'xxhash-wasm': [ '1.1.0' ],
2052 silly audit   'yargs-parser': [ '22.0.0' ],
2052 silly audit   zod: [ '4.4.1' ],
2052 silly audit   '@astrojs/prism': [ '4.0.1' ],
2052 silly audit   'hast-util-from-html': [ '2.0.3' ],
2052 silly audit   'hast-util-to-text': [ '4.0.2' ],
2052 silly audit   'mdast-util-definitions': [ '6.0.0' ],
2052 silly audit   'rehype-raw': [ '7.0.0' ],
2052 silly audit   'rehype-stringify': [ '10.0.1' ],
2052 silly audit   'remark-gfm': [ '4.0.1' ],
2052 silly audit   'remark-parse': [ '11.0.0' ],
2052 silly audit   'remark-rehype': [ '11.1.2' ],
2052 silly audit   'remark-smartypants': [ '3.0.2' ],
2052 silly audit   'retext-smartypants': [ '6.2.0' ],
2052 silly audit   unified: [ '11.0.5' ],
2052 silly audit   'unist-util-remove-position': [ '5.0.0' ],
2052 silly audit   'unist-util-visit-parents': [ '6.0.2' ],
2052 silly audit   prismjs: [ '1.30.0' ],
2052 silly audit   dlv: [ '1.1.3' ],
2052 silly audit   'is-docker': [ '4.0.0', '3.0.0' ],
2052 silly audit   'is-wsl': [ '3.1.1' ],
2052 silly audit   'which-pm-runs': [ '1.1.0' ],
2052 silly audit   fontkitten: [ '1.0.3' ],
2052 silly audit   '@clack/core': [ '1.3.0' ],
2052 silly audit   'fast-string-width': [ '3.0.2' ],
2052 silly audit   'fast-wrap-ansi': [ '0.2.0' ],
2052 silly audit   sisteransi: [ '1.0.5' ],
2052 silly audit   '@types/estree': [ '1.0.8' ],
2052 silly audit   'estree-walker': [ '2.0.2' ],
2052 silly audit   '@esbuild/aix-ppc64': [ '0.27.7' ],
2052 silly audit   '@esbuild/android-arm': [ '0.27.7' ],
2052 silly audit   '@esbuild/android-arm64': [ '0.27.7' ],
2052 silly audit   '@esbuild/android-x64': [ '0.27.7' ],
2052 silly audit   '@esbuild/darwin-arm64': [ '0.27.7' ],
2052 silly audit   '@esbuild/darwin-x64': [ '0.27.7' ],
2052 silly audit   '@esbuild/freebsd-arm64': [ '0.27.7' ],
2052 silly audit   '@esbuild/freebsd-x64': [ '0.27.7' ],
2052 silly audit   '@esbuild/linux-arm': [ '0.27.7' ],
2052 silly audit   '@esbuild/linux-arm64': [ '0.27.7' ],
2052 silly audit   '@esbuild/linux-ia32': [ '0.27.7' ],
2052 silly audit   '@esbuild/linux-loong64': [ '0.27.7' ],
2052 silly audit   '@esbuild/linux-mips64el': [ '0.27.7' ],
2052 silly audit   '@esbuild/linux-ppc64': [ '0.27.7' ],
2052 silly audit   '@esbuild/linux-riscv64': [ '0.27.7' ],
2052 silly audit   '@esbuild/linux-s390x': [ '0.27.7' ],
2052 silly audit   '@esbuild/linux-x64': [ '0.27.7' ],
2052 silly audit   '@esbuild/netbsd-arm64': [ '0.27.7' ],
2052 silly audit   '@esbuild/netbsd-x64': [ '0.27.7' ],
2052 silly audit   '@esbuild/openbsd-arm64': [ '0.27.7' ],
2052 silly audit   '@esbuild/openbsd-x64': [ '0.27.7' ],
2052 silly audit   '@esbuild/openharmony-arm64': [ '0.27.7' ],
2052 silly audit   '@esbuild/sunos-x64': [ '0.27.7' ],
2052 silly audit   '@esbuild/win32-arm64': [ '0.27.7' ],
2052 silly audit   '@esbuild/win32-ia32': [ '0.27.7' ],
2052 silly audit   '@esbuild/win32-x64': [ '0.27.7' ],
2052 silly audit   'fast-string-truncated-width': [ '3.0.3' ],
2052 silly audit   'tiny-inflate': [ '1.0.3' ],
2052 silly audit   '@types/hast': [ '3.0.4' ],
2052 silly audit   devlop: [ '1.1.0' ],
2052 silly audit   'hast-util-from-parse5': [ '8.0.3' ],
2052 silly audit   parse5: [ '7.3.0' ],
2052 silly audit   'vfile-message': [ '4.0.3' ],
2052 silly audit   '@types/unist': [ '3.0.3' ],
2052 silly audit   dequal: [ '2.0.3' ],
2052 silly audit   hastscript: [ '9.0.1' ],
2052 silly audit   'property-information': [ '7.1.0' ],
2052 silly audit   'vfile-location': [ '5.0.3' ],
2052 silly audit   'web-namespaces': [ '2.0.1' ],
2052 silly audit   'hast-util-is-element': [ '3.0.0' ],
2052 silly audit   'unist-util-find-after': [ '5.0.0' ],
2052 silly audit   'comma-separated-tokens': [ '2.0.3' ],
2052 silly audit   'hast-util-parse-selector': [ '4.0.0' ],
2052 silly audit   'space-separated-tokens': [ '2.0.2' ],
2052 silly audit   'is-inside-container': [ '1.0.0' ],
2052 silly audit   argparse: [ '2.0.1' ],
2052 silly audit   '@jridgewell/sourcemap-codec': [ '1.5.5' ],
2052 silly audit   '@babel/parser': [ '7.29.2' ],
2052 silly audit   '@babel/types': [ '7.29.0' ],
2052 silly audit   'source-map-js': [ '1.2.1' ],
2052 silly audit   '@babel/helper-string-parser': [ '7.27.1' ],
2052 silly audit   '@babel/helper-validator-identifier': [ '7.28.5' ],
2052 silly audit   '@types/mdast': [ '4.0.4' ],
2052 silly audit   'yocto-queue': [ '1.2.2' ],
2052 silly audit   eventemitter3: [ '5.0.4' ],
2052 silly audit   'p-timeout': [ '7.0.1' ],
2052 silly audit   entities: [ '6.0.1', '4.5.0' ],
2052 silly audit   'rehype-parse': [ '9.0.1' ],
2052 silly audit   'hast-util-raw': [ '9.1.0' ],
2052 silly audit   '@ungap/structured-clone': [ '1.3.0' ],
2052 silly audit   'hast-util-to-parse5': [ '8.0.1' ],
2052 silly audit   'html-void-elements': [ '3.0.0' ],
2052 silly audit   'mdast-util-to-hast': [ '13.2.1' ],
2052 silly audit   'unist-util-position': [ '5.0.0' ],
2052 silly audit   zwitch: [ '2.0.4' ],
2052 silly audit   'micromark-util-sanitize-uri': [ '2.0.1' ],
2052 silly audit   'trim-lines': [ '3.0.1' ],
2052 silly audit   'micromark-util-character': [ '2.1.1' ],
2052 silly audit   'micromark-util-encode': [ '2.0.1' ],
2052 silly audit   'micromark-util-symbol': [ '2.0.1' ],
2052 silly audit   'micromark-util-types': [ '2.0.2' ],
2052 silly audit   'hast-util-to-html': [ '9.0.5' ],
2052 silly audit   ccount: [ '2.0.1' ],
2052 silly audit   'hast-util-whitespace': [ '3.0.0' ],
2052 silly audit   'stringify-entities': [ '4.0.4' ],
2052 silly audit   'mdast-util-gfm': [ '3.1.0' ],
2052 silly audit   'micromark-extension-gfm': [ '3.0.0' ],
2052 silly audit   'remark-stringify': [ '11.0.0' ],
2052 silly audit   'mdast-util-from-markdown': [ '2.0.3' ],
2052 silly audit   'mdast-util-gfm-autolink-literal': [ '2.0.1' ],
2052 silly audit   'mdast-util-gfm-footnote': [ '2.1.0' ],
2052 silly audit   'mdast-util-gfm-strikethrough': [ '2.0.0' ],
2052 silly audit   'mdast-util-gfm-table': [ '2.0.0' ],
2052 silly audit   'mdast-util-gfm-task-list-item': [ '2.0.0' ],
2052 silly audit   'mdast-util-to-markdown': [ '2.1.2' ],
2052 silly audit   'decode-named-character-reference': [ '1.3.0' ],
2052 silly audit   'mdast-util-to-string': [ '4.0.0' ],
2052 silly audit   micromark: [ '4.0.2' ],
2052 silly audit   'micromark-util-decode-numeric-character-reference': [ '2.0.2' ],
2052 silly audit   'micromark-util-decode-string': [ '2.0.1' ],
2052 silly audit   'micromark-util-normalize-identifier': [ '2.0.1' ],
2052 silly audit   'unist-util-stringify-position': [ '4.0.0' ],
2052 silly audit   'character-entities': [ '2.0.2' ],
2052 silly audit   'mdast-util-find-and-replace': [ '3.0.2' ],
2052 silly audit   'escape-string-regexp': [ '5.0.0' ],
2052 silly audit   'unist-util-is': [ '6.0.1' ],
2052 silly audit   'markdown-table': [ '3.0.4' ],
2052 silly audit   'longest-streak': [ '3.1.0' ],
2052 silly audit   'mdast-util-phrasing': [ '4.1.0' ],
2052 silly audit   'micromark-util-classify-character': [ '2.0.1' ],
2052 silly audit   '@types/debug': [ '4.1.13' ],
2052 silly audit   debug: [ '4.4.3' ],
2052 silly audit   'micromark-core-commonmark': [ '2.0.3' ],
2052 silly audit   'micromark-factory-space': [ '2.0.1' ],
2052 silly audit   'micromark-util-chunked': [ '2.0.1' ],
2052 silly audit   'micromark-util-combine-extensions': [ '2.0.1' ],
2052 silly audit   'micromark-util-resolve-all': [ '2.0.1' ],
2052 silly audit   'micromark-util-subtokenize': [ '2.1.0' ],
2052 silly audit   '@types/ms': [ '2.1.0' ],
2052 silly audit   ms: [ '2.1.3' ],
2052 silly audit   'micromark-factory-destination': [ '2.0.1' ],
2052 silly audit   'micromark-factory-label': [ '2.0.1' ],
2052 silly audit   'micromark-factory-title': [ '2.0.1' ],
2052 silly audit   'micromark-factory-whitespace': [ '2.0.1' ],
2052 silly audit   'micromark-util-html-tag-name': [ '2.0.1' ],
2052 silly audit   'micromark-extension-gfm-autolink-literal': [ '2.1.0' ],
2052 silly audit   'micromark-extension-gfm-footnote': [ '2.1.0' ],
2052 silly audit   'micromark-extension-gfm-strikethrough': [ '2.1.0' ],
2052 silly audit   'micromark-extension-gfm-table': [ '2.1.1' ],
2052 silly audit   'micromark-extension-gfm-tagfilter': [ '2.0.0' ],
2052 silly audit   'micromark-extension-gfm-task-list-item': [ '2.1.0' ],
2052 silly audit   retext: [ '9.0.0' ],
2052 silly audit   '@types/nlcst': [ '2.0.3' ],
2052 silly audit   'retext-latin': [ '4.0.0' ],
2052 silly audit   'retext-stringify': [ '4.0.0' ],
2052 silly audit   'parse-latin': [ '7.0.0' ],
2052 silly audit   'nlcst-to-string': [ '4.0.0' ],
2052 silly audit   'unist-util-modify-children': [ '4.0.0' ],
2052 silly audit   'unist-util-visit-children': [ '3.0.0' ],
2052 silly audit   '@img/colour': [ '1.1.0' ],
2052 silly audit   '@img/sharp-darwin-arm64': [ '0.34.5' ],
2052 silly audit   '@img/sharp-darwin-x64': [ '0.34.5' ],
2052 silly audit   '@img/sharp-libvips-darwin-arm64': [ '1.2.4' ],
2052 silly audit   '@img/sharp-libvips-darwin-x64': [ '1.2.4' ],
2052 silly audit   '@img/sharp-libvips-linux-arm': [ '1.2.4' ],
2052 silly audit   '@img/sharp-libvips-linux-arm64': [ '1.2.4' ],
2052 silly audit   '@img/sharp-libvips-linux-ppc64': [ '1.2.4' ],
2052 silly audit   '@img/sharp-libvips-linux-riscv64': [ '1.2.4' ],
2052 silly audit   '@img/sharp-libvips-linux-s390x': [ '1.2.4' ],
2052 silly audit   '@img/sharp-libvips-linux-x64': [ '1.2.4' ],
2052 silly audit   '@img/sharp-libvips-linuxmusl-arm64': [ '1.2.4' ],
2052 silly audit   '@img/sharp-libvips-linuxmusl-x64': [ '1.2.4' ],
2052 silly audit   '@img/sharp-linux-arm': [ '0.34.5' ],
2052 silly audit   '@img/sharp-linux-arm64': [ '0.34.5' ],
2052 silly audit   '@img/sharp-linux-ppc64': [ '0.34.5' ],
2052 silly audit   '@img/sharp-linux-riscv64': [ '0.34.5' ],
2052 silly audit   '@img/sharp-linux-s390x': [ '0.34.5' ],
2052 silly audit   '@img/sharp-linux-x64': [ '0.34.5' ],
2052 silly audit   '@img/sharp-linuxmusl-arm64': [ '0.34.5' ],
2052 silly audit   '@img/sharp-linuxmusl-x64': [ '0.34.5' ],
2052 silly audit   '@img/sharp-wasm32': [ '0.34.5' ],
2052 silly audit   '@img/sharp-win32-arm64': [ '0.34.5' ],
2052 silly audit   '@img/sharp-win32-ia32': [ '0.34.5' ],
2052 silly audit   '@img/sharp-win32-x64': [ '0.34.5' ],
2052 silly audit   'detect-libc': [ '2.1.2' ],
2052 silly audit   '@emnapi/runtime': [ '1.10.0' ],
2052 silly audit   tslib: [ '2.8.1' ],
2052 silly audit   '@shikijs/core': [ '4.0.2' ],
2052 silly audit   '@shikijs/engine-javascript': [ '4.0.2' ],
2052 silly audit   '@shikijs/engine-oniguruma': [ '4.0.2' ],
2052 silly audit   '@shikijs/langs': [ '4.0.2' ],
2052 silly audit   '@shikijs/themes': [ '4.0.2' ],
2052 silly audit   '@shikijs/types': [ '4.0.2' ],
2052 silly audit   '@shikijs/vscode-textmate': [ '10.0.2' ],
2052 silly audit   '@shikijs/primitive': [ '4.0.2' ],
2052 silly audit   'oniguruma-to-es': [ '4.3.6' ],
2052 silly audit   'oniguruma-parser': [ '0.12.2' ],
2052 silly audit   regex: [ '6.1.0' ],
2052 silly audit   'regex-recursion': [ '6.0.2' ],
2052 silly audit   'regex-utilities': [ '2.3.0' ],
2052 silly audit   'character-entities-html4': [ '2.1.0' ],
2052 silly audit   'character-entities-legacy': [ '3.0.0' ],
2052 silly audit   commander: [ '11.1.0' ],
2052 silly audit   'css-select': [ '5.2.2' ],
2052 silly audit   'css-tree': [ '3.2.1', '2.2.1' ],
2052 silly audit   'css-what': [ '6.2.2' ],
2052 silly audit   csso: [ '5.0.5' ],
2052 silly audit   picocolors: [ '1.1.1' ],
2052 silly audit   sax: [ '1.6.0' ],
2052 silly audit   boolbase: [ '1.0.0' ],
2052 silly audit   domhandler: [ '5.0.3' ],
2052 silly audit   domutils: [ '3.2.2' ],
2052 silly audit   'nth-check': [ '2.1.1' ],
2052 silly audit   'mdn-data': [ '2.27.1', '2.0.28' ],
2052 silly audit   domelementtype: [ '2.3.0' ],
2052 silly audit   'dom-serializer': [ '2.0.0' ],
2052 silly audit   fdir: [ '6.5.0' ],
2052 silly audit   bail: [ '2.0.2' ],
2052 silly audit   extend: [ '3.0.2' ],
2052 silly audit   'is-plain-obj': [ '4.1.0' ],
2052 silly audit   trough: [ '2.2.0' ],
2052 silly audit   ofetch: [ '1.5.1' ],
2052 silly audit   ohash: [ '2.0.11' ],
2052 silly audit   destr: [ '2.0.5' ],
2052 silly audit   'node-fetch-native': [ '1.6.7' ],
2052 silly audit   ufo: [ '1.6.4' ],
2052 silly audit   'array-iterate': [ '2.0.1' ],
2052 silly audit   anymatch: [ '3.1.3' ],
2052 silly audit   chokidar: [ '5.0.0' ],
2052 silly audit   h3: [ '1.15.11' ],
2052 silly audit   'lru-cache': [ '11.3.5' ],
2052 silly audit   'normalize-path': [ '3.0.0' ],
2052 silly audit   readdirp: [ '5.0.0' ],
2052 silly audit   'cookie-es': [ '1.2.3' ],
2052 silly audit   crossws: [ '0.3.5' ],
2052 silly audit   defu: [ '6.1.7' ],
2052 silly audit   'iron-webcrypto': [ '1.2.1' ],
2052 silly audit   'node-mock-http': [ '1.0.4' ],
2052 silly audit   radix3: [ '1.1.2' ],
2052 silly audit   uncrypto: [ '0.1.3' ],
2052 silly audit   fsevents: [ '2.3.3' ],
2052 silly audit   postcss: [ '8.5.12' ],
2052 silly audit   rollup: [ '4.60.2' ],
2052 silly audit   nanoid: [ '3.3.11' ],
2052 silly audit   '@rollup/rollup-android-arm-eabi': [ '4.60.2' ],
2052 silly audit   '@rollup/rollup-android-arm64': [ '4.60.2' ],
2052 silly audit   '@rollup/rollup-darwin-arm64': [ '4.60.2' ],
2052 silly audit   '@rollup/rollup-darwin-x64': [ '4.60.2' ],
2052 silly audit   '@rollup/rollup-freebsd-arm64': [ '4.60.2' ],
2052 silly audit   '@rollup/rollup-freebsd-x64': [ '4.60.2' ],
2052 silly audit   '@rollup/rollup-linux-arm-gnueabihf': [ '4.60.2' ],
2052 silly audit   '@rollup/rollup-linux-arm-musleabihf': [ '4.60.2' ],
2052 silly audit   '@rollup/rollup-linux-arm64-gnu': [ '4.60.2' ],
2052 silly audit   '@rollup/rollup-linux-arm64-musl': [ '4.60.2' ],
2052 silly audit   '@rollup/rollup-linux-loong64-gnu': [ '4.60.2' ],
2052 silly audit   '@rollup/rollup-linux-loong64-musl': [ '4.60.2' ],
2052 silly audit   '@rollup/rollup-linux-ppc64-gnu': [ '4.60.2' ],
2052 silly audit   '@rollup/rollup-linux-ppc64-musl': [ '4.60.2' ],
2052 silly audit   '@rollup/rollup-linux-riscv64-gnu': [ '4.60.2' ],
2052 silly audit   '@rollup/rollup-linux-riscv64-musl': [ '4.60.2' ],
2052 silly audit   '@rollup/rollup-linux-s390x-gnu': [ '4.60.2' ],
2052 silly audit   '@rollup/rollup-linux-x64-gnu': [ '4.60.2' ],
2052 silly audit   '@rollup/rollup-linux-x64-musl': [ '4.60.2' ],
2052 silly audit   '@rollup/rollup-openbsd-x64': [ '4.60.2' ],
2052 silly audit   '@rollup/rollup-openharmony-arm64': [ '4.60.2' ],
2052 silly audit   '@rollup/rollup-win32-arm64-msvc': [ '4.60.2' ],
2052 silly audit   '@rollup/rollup-win32-ia32-msvc': [ '4.60.2' ],
2052 silly audit   '@rollup/rollup-win32-x64-gnu': [ '4.60.2' ],
2052 silly audit   '@rollup/rollup-win32-x64-msvc': [ '4.60.2' ]
2052 silly audit }
2053 http cache @rollup/rollup-darwin-arm64@https://registry.npmjs.org/@rollup/rollup-darwin-arm64/-/rollup-darwin-arm64-4.60.2.tgz 0ms (cache hit)
2054 http cache fsevents@https://registry.npmjs.org/fsevents/-/fsevents-2.3.3.tgz 0ms (cache hit)
2055 http cache uncrypto@https://registry.npmjs.org/uncrypto/-/uncrypto-0.1.3.tgz 0ms (cache hit)
2056 http cache nanoid@https://registry.npmjs.org/nanoid/-/nanoid-3.3.11.tgz 0ms (cache hit)
2057 http cache radix3@https://registry.npmjs.org/radix3/-/radix3-1.1.2.tgz 0ms (cache hit)
2058 http cache defu@https://registry.npmjs.org/defu/-/defu-6.1.7.tgz 0ms (cache hit)
2059 http cache iron-webcrypto@https://registry.npmjs.org/iron-webcrypto/-/iron-webcrypto-1.2.1.tgz 0ms (cache hit)
2060 http cache postcss@https://registry.npmjs.org/postcss/-/postcss-8.5.12.tgz 0ms (cache hit)
2061 http cache rollup@https://registry.npmjs.org/rollup/-/rollup-4.60.2.tgz 0ms (cache hit)
2062 http cache crossws@https://registry.npmjs.org/crossws/-/crossws-0.3.5.tgz 0ms (cache hit)
2063 http cache lru-cache@https://registry.npmjs.org/lru-cache/-/lru-cache-11.3.5.tgz 0ms (cache hit)
2064 http cache node-mock-http@https://registry.npmjs.org/node-mock-http/-/node-mock-http-1.0.4.tgz 0ms (cache hit)
2065 http cache cookie-es@https://registry.npmjs.org/cookie-es/-/cookie-es-1.2.3.tgz 0ms (cache hit)
2066 http cache chokidar@https://registry.npmjs.org/chokidar/-/chokidar-5.0.0.tgz 0ms (cache hit)
2067 http cache normalize-path@https://registry.npmjs.org/normalize-path/-/normalize-path-3.0.0.tgz 0ms (cache hit)
2068 http cache readdirp@https://registry.npmjs.org/readdirp/-/readdirp-5.0.0.tgz 0ms (cache hit)
2069 http cache array-iterate@https://registry.npmjs.org/array-iterate/-/array-iterate-2.0.1.tgz 0ms (cache hit)
2070 http cache anymatch@https://registry.npmjs.org/anymatch/-/anymatch-3.1.3.tgz 0ms (cache hit)
2071 http cache ufo@https://registry.npmjs.org/ufo/-/ufo-1.6.4.tgz 0ms (cache hit)
2072 http cache ohash@https://registry.npmjs.org/ohash/-/ohash-2.0.11.tgz 0ms (cache hit)
2073 http cache trough@https://registry.npmjs.org/trough/-/trough-2.2.0.tgz 0ms (cache hit)
2074 http cache node-fetch-native@https://registry.npmjs.org/node-fetch-native/-/node-fetch-native-1.6.7.tgz 0ms (cache hit)
2075 http cache h3@https://registry.npmjs.org/h3/-/h3-1.15.11.tgz 0ms (cache hit)
2076 http cache extend@https://registry.npmjs.org/extend/-/extend-3.0.2.tgz 0ms (cache hit)
2077 http cache bail@https://registry.npmjs.org/bail/-/bail-2.0.2.tgz 0ms (cache hit)
2078 http cache is-plain-obj@https://registry.npmjs.org/is-plain-obj/-/is-plain-obj-4.1.0.tgz 0ms (cache hit)
2079 http cache ofetch@https://registry.npmjs.org/ofetch/-/ofetch-1.5.1.tgz 0ms (cache hit)
2080 http cache nth-check@https://registry.npmjs.org/nth-check/-/nth-check-2.1.1.tgz 0ms (cache hit)
2081 http cache domelementtype@https://registry.npmjs.org/domelementtype/-/domelementtype-2.3.0.tgz 0ms (cache hit)
2082 http cache mdn-data@https://registry.npmjs.org/mdn-data/-/mdn-data-2.27.1.tgz 0ms (cache hit)
2083 http cache domutils@https://registry.npmjs.org/domutils/-/domutils-3.2.2.tgz 0ms (cache hit)
2084 http cache domhandler@https://registry.npmjs.org/domhandler/-/domhandler-5.0.3.tgz 0ms (cache hit)
2085 http cache csso@https://registry.npmjs.org/csso/-/csso-5.0.5.tgz 0ms (cache hit)
2086 http cache destr@https://registry.npmjs.org/destr/-/destr-2.0.5.tgz 0ms (cache hit)
2087 http cache fdir@https://registry.npmjs.org/fdir/-/fdir-6.5.0.tgz 0ms (cache hit)
2088 http cache css-tree@https://registry.npmjs.org/css-tree/-/css-tree-3.2.1.tgz 0ms (cache hit)
2089 http cache css-what@https://registry.npmjs.org/css-what/-/css-what-6.2.2.tgz 0ms (cache hit)
2090 http cache character-entities-legacy@https://registry.npmjs.org/character-entities-legacy/-/character-entities-legacy-3.0.0.tgz 0ms (cache hit)
2091 http cache boolbase@https://registry.npmjs.org/boolbase/-/boolbase-1.0.0.tgz 0ms (cache hit)
2092 http cache sax@https://registry.npmjs.org/sax/-/sax-1.6.0.tgz 0ms (cache hit)
2093 http cache picocolors@https://registry.npmjs.org/picocolors/-/picocolors-1.1.1.tgz 0ms (cache hit)
2094 http cache regex-utilities@https://registry.npmjs.org/regex-utilities/-/regex-utilities-2.3.0.tgz 0ms (cache hit)
2095 http cache character-entities-html4@https://registry.npmjs.org/character-entities-html4/-/character-entities-html4-2.1.0.tgz 0ms (cache hit)
2096 http cache dom-serializer@https://registry.npmjs.org/dom-serializer/-/dom-serializer-2.0.0.tgz 0ms (cache hit)
2097 http cache @shikijs/primitive@https://registry.npmjs.org/@shikijs/primitive/-/primitive-4.0.2.tgz 0ms (cache hit)
2098 http cache oniguruma-parser@https://registry.npmjs.org/oniguruma-parser/-/oniguruma-parser-0.12.2.tgz 0ms (cache hit)
2099 http cache oniguruma-to-es@https://registry.npmjs.org/oniguruma-to-es/-/oniguruma-to-es-4.3.6.tgz 0ms (cache hit)
2100 http cache css-select@https://registry.npmjs.org/css-select/-/css-select-5.2.2.tgz 0ms (cache hit)
2101 http cache commander@https://registry.npmjs.org/commander/-/commander-11.1.0.tgz 0ms (cache hit)
2102 http cache @shikijs/themes@https://registry.npmjs.org/@shikijs/themes/-/themes-4.0.2.tgz 0ms (cache hit)
2103 http cache regex@https://registry.npmjs.org/regex/-/regex-6.1.0.tgz 0ms (cache hit)
2104 http cache @shikijs/vscode-textmate@https://registry.npmjs.org/@shikijs/vscode-textmate/-/vscode-textmate-10.0.2.tgz 0ms (cache hit)
2105 http cache @shikijs/engine-javascript@https://registry.npmjs.org/@shikijs/engine-javascript/-/engine-javascript-4.0.2.tgz 0ms (cache hit)
2106 http cache @shikijs/engine-oniguruma@https://registry.npmjs.org/@shikijs/engine-oniguruma/-/engine-oniguruma-4.0.2.tgz 0ms (cache hit)
2107 http cache @img/sharp-libvips-darwin-arm64@https://registry.npmjs.org/@img/sharp-libvips-darwin-arm64/-/sharp-libvips-darwin-arm64-1.2.4.tgz 0ms (cache hit)
2108 http cache @shikijs/types@https://registry.npmjs.org/@shikijs/types/-/types-4.0.2.tgz 0ms (cache hit)
2109 http cache @shikijs/core@https://registry.npmjs.org/@shikijs/core/-/core-4.0.2.tgz 0ms (cache hit)
2110 http cache regex-recursion@https://registry.npmjs.org/regex-recursion/-/regex-recursion-6.0.2.tgz 0ms (cache hit)
2111 http cache unist-util-visit-children@https://registry.npmjs.org/unist-util-visit-children/-/unist-util-visit-children-3.0.0.tgz 0ms (cache hit)
2112 http cache unist-util-modify-children@https://registry.npmjs.org/unist-util-modify-children/-/unist-util-modify-children-4.0.0.tgz 0ms (cache hit)
2113 http cache detect-libc@https://registry.npmjs.org/detect-libc/-/detect-libc-2.1.2.tgz 0ms (cache hit)
2114 http cache @img/sharp-darwin-arm64@https://registry.npmjs.org/@img/sharp-darwin-arm64/-/sharp-darwin-arm64-0.34.5.tgz 0ms (cache hit)
2115 http cache nlcst-to-string@https://registry.npmjs.org/nlcst-to-string/-/nlcst-to-string-4.0.0.tgz 0ms (cache hit)
2116 http cache retext-stringify@https://registry.npmjs.org/retext-stringify/-/retext-stringify-4.0.0.tgz 0ms (cache hit)
2117 http cache @img/colour@https://registry.npmjs.org/@img/colour/-/colour-1.1.0.tgz 0ms (cache hit)
2118 http cache retext-latin@https://registry.npmjs.org/retext-latin/-/retext-latin-4.0.0.tgz 0ms (cache hit)
2119 http cache micromark-extension-gfm-table@https://registry.npmjs.org/micromark-extension-gfm-table/-/micromark-extension-gfm-table-2.1.1.tgz 0ms (cache hit)
2120 http cache @shikijs/langs@https://registry.npmjs.org/@shikijs/langs/-/langs-4.0.2.tgz 0ms (cache hit)
2121 http cache micromark-extension-gfm-strikethrough@https://registry.npmjs.org/micromark-extension-gfm-strikethrough/-/micromark-extension-gfm-strikethrough-2.1.0.tgz 0ms (cache hit)
2122 http cache micromark-extension-gfm-tagfilter@https://registry.npmjs.org/micromark-extension-gfm-tagfilter/-/micromark-extension-gfm-tagfilter-2.0.0.tgz 0ms (cache hit)
2123 http cache micromark-extension-gfm-task-list-item@https://registry.npmjs.org/micromark-extension-gfm-task-list-item/-/micromark-extension-gfm-task-list-item-2.1.0.tgz 0ms (cache hit)
2124 http cache micromark-extension-gfm-autolink-literal@https://registry.npmjs.org/micromark-extension-gfm-autolink-literal/-/micromark-extension-gfm-autolink-literal-2.1.0.tgz 0ms (cache hit)
2125 http cache @types/nlcst@https://registry.npmjs.org/@types/nlcst/-/nlcst-2.0.3.tgz 0ms (cache hit)
2126 http cache parse-latin@https://registry.npmjs.org/parse-latin/-/parse-latin-7.0.0.tgz 0ms (cache hit)
2127 http cache micromark-factory-title@https://registry.npmjs.org/micromark-factory-title/-/micromark-factory-title-2.0.1.tgz 0ms (cache hit)
2128 http cache micromark-factory-whitespace@https://registry.npmjs.org/micromark-factory-whitespace/-/micromark-factory-whitespace-2.0.1.tgz 0ms (cache hit)
2129 http cache retext@https://registry.npmjs.org/retext/-/retext-9.0.0.tgz 0ms (cache hit)
2130 http cache ms@https://registry.npmjs.org/ms/-/ms-2.1.3.tgz 0ms (cache hit)
2131 http cache micromark-util-subtokenize@https://registry.npmjs.org/micromark-util-subtokenize/-/micromark-util-subtokenize-2.1.0.tgz 0ms (cache hit)
2132 http cache micromark-factory-label@https://registry.npmjs.org/micromark-factory-label/-/micromark-factory-label-2.0.1.tgz 0ms (cache hit)
2133 http cache micromark-extension-gfm-footnote@https://registry.npmjs.org/micromark-extension-gfm-footnote/-/micromark-extension-gfm-footnote-2.1.0.tgz 0ms (cache hit)
2134 http cache micromark-util-html-tag-name@https://registry.npmjs.org/micromark-util-html-tag-name/-/micromark-util-html-tag-name-2.0.1.tgz 0ms (cache hit)
2135 http cache @types/ms@https://registry.npmjs.org/@types/ms/-/ms-2.1.0.tgz 0ms (cache hit)
2136 http cache micromark-factory-destination@https://registry.npmjs.org/micromark-factory-destination/-/micromark-factory-destination-2.0.1.tgz 0ms (cache hit)
2137 http cache micromark-util-resolve-all@https://registry.npmjs.org/micromark-util-resolve-all/-/micromark-util-resolve-all-2.0.1.tgz 0ms (cache hit)
2138 http cache micromark-core-commonmark@https://registry.npmjs.org/micromark-core-commonmark/-/micromark-core-commonmark-2.0.3.tgz 0ms (cache hit)
2139 http cache micromark-factory-space@https://registry.npmjs.org/micromark-factory-space/-/micromark-factory-space-2.0.1.tgz 0ms (cache hit)
2140 http cache debug@https://registry.npmjs.org/debug/-/debug-4.4.3.tgz 0ms (cache hit)
2141 http cache @types/debug@https://registry.npmjs.org/@types/debug/-/debug-4.1.13.tgz 0ms (cache hit)
2142 http cache micromark-util-classify-character@https://registry.npmjs.org/micromark-util-classify-character/-/micromark-util-classify-character-2.0.1.tgz 0ms (cache hit)
2143 http cache micromark-util-chunked@https://registry.npmjs.org/micromark-util-chunked/-/micromark-util-chunked-2.0.1.tgz 0ms (cache hit)
2144 http cache micromark-util-combine-extensions@https://registry.npmjs.org/micromark-util-combine-extensions/-/micromark-util-combine-extensions-2.0.1.tgz 0ms (cache hit)
2145 http cache mdast-util-phrasing@https://registry.npmjs.org/mdast-util-phrasing/-/mdast-util-phrasing-4.1.0.tgz 0ms (cache hit)
2146 http cache character-entities@https://registry.npmjs.org/character-entities/-/character-entities-2.0.2.tgz 0ms (cache hit)
2147 http cache unist-util-is@https://registry.npmjs.org/unist-util-is/-/unist-util-is-6.0.1.tgz 0ms (cache hit)
2148 http cache markdown-table@https://registry.npmjs.org/markdown-table/-/markdown-table-3.0.4.tgz 0ms (cache hit)
2149 http cache mdast-util-find-and-replace@https://registry.npmjs.org/mdast-util-find-and-replace/-/mdast-util-find-and-replace-3.0.2.tgz 0ms (cache hit)
2150 http cache longest-streak@https://registry.npmjs.org/longest-streak/-/longest-streak-3.1.0.tgz 0ms (cache hit)
2151 http cache micromark-util-decode-string@https://registry.npmjs.org/micromark-util-decode-string/-/micromark-util-decode-string-2.0.1.tgz 0ms (cache hit)
2152 http cache micromark-util-decode-numeric-character-reference@https://registry.npmjs.org/micromark-util-decode-numeric-character-reference/-/micromark-util-decode-numeric-character-reference-2.0.2.tgz 0ms (cache hit)
2153 http cache escape-string-regexp@https://registry.npmjs.org/escape-string-regexp/-/escape-string-regexp-5.0.0.tgz 0ms (cache hit)
2154 http cache micromark-util-normalize-identifier@https://registry.npmjs.org/micromark-util-normalize-identifier/-/micromark-util-normalize-identifier-2.0.1.tgz 0ms (cache hit)
2155 http cache unist-util-stringify-position@https://registry.npmjs.org/unist-util-stringify-position/-/unist-util-stringify-position-4.0.0.tgz 0ms (cache hit)
2156 http cache mdast-util-to-string@https://registry.npmjs.org/mdast-util-to-string/-/mdast-util-to-string-4.0.0.tgz 0ms (cache hit)
2157 http cache decode-named-character-reference@https://registry.npmjs.org/decode-named-character-reference/-/decode-named-character-reference-1.3.0.tgz 0ms (cache hit)
2158 http cache mdast-util-to-markdown@https://registry.npmjs.org/mdast-util-to-markdown/-/mdast-util-to-markdown-2.1.2.tgz 0ms (cache hit)
2159 http cache mdast-util-gfm-strikethrough@https://registry.npmjs.org/mdast-util-gfm-strikethrough/-/mdast-util-gfm-strikethrough-2.0.0.tgz 0ms (cache hit)
2160 http cache mdast-util-from-markdown@https://registry.npmjs.org/mdast-util-from-markdown/-/mdast-util-from-markdown-2.0.3.tgz 0ms (cache hit)
2161 http cache remark-stringify@https://registry.npmjs.org/remark-stringify/-/remark-stringify-11.0.0.tgz 0ms (cache hit)
2162 http cache mdast-util-gfm-task-list-item@https://registry.npmjs.org/mdast-util-gfm-task-list-item/-/mdast-util-gfm-task-list-item-2.0.0.tgz 0ms (cache hit)
2163 http cache mdast-util-gfm-table@https://registry.npmjs.org/mdast-util-gfm-table/-/mdast-util-gfm-table-2.0.0.tgz 0ms (cache hit)
2164 http cache micromark@https://registry.npmjs.org/micromark/-/micromark-4.0.2.tgz 0ms (cache hit)
2165 http cache mdast-util-gfm-autolink-literal@https://registry.npmjs.org/mdast-util-gfm-autolink-literal/-/mdast-util-gfm-autolink-literal-2.0.1.tgz 0ms (cache hit)
2166 http cache hast-util-whitespace@https://registry.npmjs.org/hast-util-whitespace/-/hast-util-whitespace-3.0.0.tgz 0ms (cache hit)
2167 http cache stringify-entities@https://registry.npmjs.org/stringify-entities/-/stringify-entities-4.0.4.tgz 0ms (cache hit)
2168 http cache hast-util-to-html@https://registry.npmjs.org/hast-util-to-html/-/hast-util-to-html-9.0.5.tgz 0ms (cache hit)
2169 http cache micromark-util-symbol@https://registry.npmjs.org/micromark-util-symbol/-/micromark-util-symbol-2.0.1.tgz 0ms (cache hit)
2170 http cache ccount@https://registry.npmjs.org/ccount/-/ccount-2.0.1.tgz 0ms (cache hit)
2171 http cache micromark-util-encode@https://registry.npmjs.org/micromark-util-encode/-/micromark-util-encode-2.0.1.tgz 0ms (cache hit)
2172 http cache mdast-util-gfm@https://registry.npmjs.org/mdast-util-gfm/-/mdast-util-gfm-3.1.0.tgz 0ms (cache hit)
2173 http cache micromark-extension-gfm@https://registry.npmjs.org/micromark-extension-gfm/-/micromark-extension-gfm-3.0.0.tgz 0ms (cache hit)
2174 http cache micromark-util-sanitize-uri@https://registry.npmjs.org/micromark-util-sanitize-uri/-/micromark-util-sanitize-uri-2.0.1.tgz 0ms (cache hit)
2175 http cache micromark-util-character@https://registry.npmjs.org/micromark-util-character/-/micromark-util-character-2.1.1.tgz 0ms (cache hit)
2176 http cache zwitch@https://registry.npmjs.org/zwitch/-/zwitch-2.0.4.tgz 0ms (cache hit)
2177 http cache micromark-util-types@https://registry.npmjs.org/micromark-util-types/-/micromark-util-types-2.0.2.tgz 0ms (cache hit)
2178 http cache mdast-util-gfm-footnote@https://registry.npmjs.org/mdast-util-gfm-footnote/-/mdast-util-gfm-footnote-2.1.0.tgz 0ms (cache hit)
2179 http cache mdast-util-to-hast@https://registry.npmjs.org/mdast-util-to-hast/-/mdast-util-to-hast-13.2.1.tgz 0ms (cache hit)
2180 http cache @ungap/structured-clone@https://registry.npmjs.org/@ungap/structured-clone/-/structured-clone-1.3.0.tgz 0ms (cache hit)
2181 http cache hast-util-to-parse5@https://registry.npmjs.org/hast-util-to-parse5/-/hast-util-to-parse5-8.0.1.tgz 0ms (cache hit)
2182 http cache entities@https://registry.npmjs.org/entities/-/entities-6.0.1.tgz 0ms (cache hit)
2183 http cache p-timeout@https://registry.npmjs.org/p-timeout/-/p-timeout-7.0.1.tgz 0ms (cache hit)
2184 http cache unist-util-position@https://registry.npmjs.org/unist-util-position/-/unist-util-position-5.0.0.tgz 0ms (cache hit)
2185 http cache hast-util-raw@https://registry.npmjs.org/hast-util-raw/-/hast-util-raw-9.1.0.tgz 0ms (cache hit)
2186 http cache rehype-parse@https://registry.npmjs.org/rehype-parse/-/rehype-parse-9.0.1.tgz 0ms (cache hit)
2187 http cache eventemitter3@https://registry.npmjs.org/eventemitter3/-/eventemitter3-5.0.4.tgz 0ms (cache hit)
2188 http cache @types/mdast@https://registry.npmjs.org/@types/mdast/-/mdast-4.0.4.tgz 0ms (cache hit)
2189 http cache source-map-js@https://registry.npmjs.org/source-map-js/-/source-map-js-1.2.1.tgz 0ms (cache hit)
2190 http cache @babel/helper-string-parser@https://registry.npmjs.org/@babel/helper-string-parser/-/helper-string-parser-7.27.1.tgz 0ms (cache hit)
2191 http cache @babel/parser@https://registry.npmjs.org/@babel/parser/-/parser-7.29.2.tgz 0ms (cache hit)
2192 http cache yocto-queue@https://registry.npmjs.org/yocto-queue/-/yocto-queue-1.2.2.tgz 0ms (cache hit)
2193 http cache @babel/types@https://registry.npmjs.org/@babel/types/-/types-7.29.0.tgz 0ms (cache hit)
2194 http cache trim-lines@https://registry.npmjs.org/trim-lines/-/trim-lines-3.0.1.tgz 0ms (cache hit)
2195 http cache space-separated-tokens@https://registry.npmjs.org/space-separated-tokens/-/space-separated-tokens-2.0.2.tgz 0ms (cache hit)
2196 http cache argparse@https://registry.npmjs.org/argparse/-/argparse-2.0.1.tgz 0ms (cache hit)
2197 http cache @jridgewell/sourcemap-codec@https://registry.npmjs.org/@jridgewell/sourcemap-codec/-/sourcemap-codec-1.5.5.tgz 0ms (cache hit)
2198 http cache html-void-elements@https://registry.npmjs.org/html-void-elements/-/html-void-elements-3.0.0.tgz 0ms (cache hit)
2199 http cache comma-separated-tokens@https://registry.npmjs.org/comma-separated-tokens/-/comma-separated-tokens-2.0.3.tgz 0ms (cache hit)
2200 http cache web-namespaces@https://registry.npmjs.org/web-namespaces/-/web-namespaces-2.0.1.tgz 0ms (cache hit)
2201 http cache vfile-location@https://registry.npmjs.org/vfile-location/-/vfile-location-5.0.3.tgz 0ms (cache hit)
2202 http cache property-information@https://registry.npmjs.org/property-information/-/property-information-7.1.0.tgz 0ms (cache hit)
2203 http cache @babel/helper-validator-identifier@https://registry.npmjs.org/@babel/helper-validator-identifier/-/helper-validator-identifier-7.28.5.tgz 0ms (cache hit)
2204 http cache hastscript@https://registry.npmjs.org/hastscript/-/hastscript-9.0.1.tgz 0ms (cache hit)
2205 http cache dequal@https://registry.npmjs.org/dequal/-/dequal-2.0.3.tgz 0ms (cache hit)
2206 http cache is-inside-container@https://registry.npmjs.org/is-inside-container/-/is-inside-container-1.0.0.tgz 0ms (cache hit)
2207 http cache hast-util-parse-selector@https://registry.npmjs.org/hast-util-parse-selector/-/hast-util-parse-selector-4.0.0.tgz 0ms (cache hit)
2208 http cache vfile-message@https://registry.npmjs.org/vfile-message/-/vfile-message-4.0.3.tgz 0ms (cache hit)
2209 http cache unist-util-find-after@https://registry.npmjs.org/unist-util-find-after/-/unist-util-find-after-5.0.0.tgz 0ms (cache hit)
2210 http cache tiny-inflate@https://registry.npmjs.org/tiny-inflate/-/tiny-inflate-1.0.3.tgz 0ms (cache hit)
2211 http cache fast-string-truncated-width@https://registry.npmjs.org/fast-string-truncated-width/-/fast-string-truncated-width-3.0.3.tgz 0ms (cache hit)
2212 http cache devlop@https://registry.npmjs.org/devlop/-/devlop-1.1.0.tgz 0ms (cache hit)
2213 http cache hast-util-from-parse5@https://registry.npmjs.org/hast-util-from-parse5/-/hast-util-from-parse5-8.0.3.tgz 0ms (cache hit)
2214 http cache parse5@https://registry.npmjs.org/parse5/-/parse5-7.3.0.tgz 0ms (cache hit)
2215 http cache estree-walker@https://registry.npmjs.org/estree-walker/-/estree-walker-2.0.2.tgz 0ms (cache hit)
2216 http cache @types/unist@https://registry.npmjs.org/@types/unist/-/unist-3.0.3.tgz 0ms (cache hit)
2217 http cache @esbuild/darwin-arm64@https://registry.npmjs.org/@esbuild/darwin-arm64/-/darwin-arm64-0.27.7.tgz 0ms (cache hit)
2218 http cache fast-wrap-ansi@https://registry.npmjs.org/fast-wrap-ansi/-/fast-wrap-ansi-0.2.0.tgz 0ms (cache hit)
2219 http cache sisteransi@https://registry.npmjs.org/sisteransi/-/sisteransi-1.0.5.tgz 0ms (cache hit)
2220 http cache fontkitten@https://registry.npmjs.org/fontkitten/-/fontkitten-1.0.3.tgz 0ms (cache hit)
2221 http cache @types/estree@https://registry.npmjs.org/@types/estree/-/estree-1.0.8.tgz 0ms (cache hit)
2222 http cache @clack/core@https://registry.npmjs.org/@clack/core/-/core-1.3.0.tgz 0ms (cache hit)
2223 http cache fast-string-width@https://registry.npmjs.org/fast-string-width/-/fast-string-width-3.0.2.tgz 0ms (cache hit)
2224 http cache hast-util-is-element@https://registry.npmjs.org/hast-util-is-element/-/hast-util-is-element-3.0.0.tgz 0ms (cache hit)
2225 http cache is-docker@https://registry.npmjs.org/is-docker/-/is-docker-4.0.0.tgz 0ms (cache hit)
2226 http cache dlv@https://registry.npmjs.org/dlv/-/dlv-1.1.3.tgz 0ms (cache hit)
2227 http cache is-wsl@https://registry.npmjs.org/is-wsl/-/is-wsl-3.1.1.tgz 0ms (cache hit)
2228 http cache unist-util-visit-parents@https://registry.npmjs.org/unist-util-visit-parents/-/unist-util-visit-parents-6.0.2.tgz 0ms (cache hit)
2229 http cache which-pm-runs@https://registry.npmjs.org/which-pm-runs/-/which-pm-runs-1.1.0.tgz 0ms (cache hit)
2230 http cache @types/hast@https://registry.npmjs.org/@types/hast/-/hast-3.0.4.tgz 0ms (cache hit)
2231 http cache remark-rehype@https://registry.npmjs.org/remark-rehype/-/remark-rehype-11.1.2.tgz 0ms (cache hit)
2232 http cache remark-parse@https://registry.npmjs.org/remark-parse/-/remark-parse-11.0.0.tgz 0ms (cache hit)
2233 http cache retext-smartypants@https://registry.npmjs.org/retext-smartypants/-/retext-smartypants-6.2.0.tgz 0ms (cache hit)
2234 http cache rehype-stringify@https://registry.npmjs.org/rehype-stringify/-/rehype-stringify-10.0.1.tgz 0ms (cache hit)
2235 http cache remark-smartypants@https://registry.npmjs.org/remark-smartypants/-/remark-smartypants-3.0.2.tgz 0ms (cache hit)
2236 http cache remark-gfm@https://registry.npmjs.org/remark-gfm/-/remark-gfm-4.0.1.tgz 0ms (cache hit)
2237 http cache unified@https://registry.npmjs.org/unified/-/unified-11.0.5.tgz 0ms (cache hit)
2238 http cache hast-util-from-html@https://registry.npmjs.org/hast-util-from-html/-/hast-util-from-html-2.0.3.tgz 0ms (cache hit)
2239 http cache hast-util-to-text@https://registry.npmjs.org/hast-util-to-text/-/hast-util-to-text-4.0.2.tgz 0ms (cache hit)
2240 http cache zod@https://registry.npmjs.org/zod/-/zod-4.4.1.tgz 0ms (cache hit)
2241 http cache mdast-util-definitions@https://registry.npmjs.org/mdast-util-definitions/-/mdast-util-definitions-6.0.0.tgz 0ms (cache hit)
2242 http cache xxhash-wasm@https://registry.npmjs.org/xxhash-wasm/-/xxhash-wasm-1.1.0.tgz 0ms (cache hit)
2243 http cache rehype-raw@https://registry.npmjs.org/rehype-raw/-/rehype-raw-7.0.0.tgz 0ms (cache hit)
2244 http cache @astrojs/prism@https://registry.npmjs.org/@astrojs/prism/-/prism-4.0.1.tgz 0ms (cache hit)
2245 http cache vitefu@https://registry.npmjs.org/vitefu/-/vitefu-1.1.3.tgz 0ms (cache hit)
2246 http cache vite@https://registry.npmjs.org/vite/-/vite-7.3.2.tgz 0ms (cache hit)
2247 http cache unstorage@https://registry.npmjs.org/unstorage/-/unstorage-1.17.5.tgz 0ms (cache hit)
2248 http cache yargs-parser@https://registry.npmjs.org/yargs-parser/-/yargs-parser-22.0.0.tgz 0ms (cache hit)
2249 http cache unifont@https://registry.npmjs.org/unifont/-/unifont-0.7.4.tgz 0ms (cache hit)
2250 http cache vfile@https://registry.npmjs.org/vfile/-/vfile-6.0.3.tgz 0ms (cache hit)
2251 http cache unist-util-visit@https://registry.npmjs.org/unist-util-visit/-/unist-util-visit-5.1.0.tgz 0ms (cache hit)
2252 http cache ultrahtml@https://registry.npmjs.org/ultrahtml/-/ultrahtml-1.6.0.tgz 0ms (cache hit)
2253 http cache tsconfck@https://registry.npmjs.org/tsconfck/-/tsconfck-3.1.6.tgz 0ms (cache hit)
2254 http cache svgo@https://registry.npmjs.org/svgo/-/svgo-4.0.1.tgz 0ms (cache hit)
2255 http cache tinyexec@https://registry.npmjs.org/tinyexec/-/tinyexec-1.1.2.tgz 0ms (cache hit)
2256 http cache prismjs@https://registry.npmjs.org/prismjs/-/prismjs-1.30.0.tgz 0ms (cache hit)
2257 http cache tinyglobby@https://registry.npmjs.org/tinyglobby/-/tinyglobby-0.2.16.tgz 0ms (cache hit)
2258 http cache shiki@https://registry.npmjs.org/shiki/-/shiki-4.0.2.tgz 0ms (cache hit)
2259 http cache tinyclip@https://registry.npmjs.org/tinyclip/-/tinyclip-0.1.12.tgz 0ms (cache hit)
2260 http cache smol-toml@https://registry.npmjs.org/smol-toml/-/smol-toml-1.6.1.tgz 0ms (cache hit)
2261 http cache unist-util-remove-position@https://registry.npmjs.org/unist-util-remove-position/-/unist-util-remove-position-5.0.0.tgz 0ms (cache hit)
2262 http cache picomatch@https://registry.npmjs.org/picomatch/-/picomatch-4.0.4.tgz 0ms (cache hit)
2263 http cache sharp@https://registry.npmjs.org/sharp/-/sharp-0.34.5.tgz 0ms (cache hit)
2264 http cache rehype@https://registry.npmjs.org/rehype/-/rehype-13.0.2.tgz 0ms (cache hit)
2265 http cache piccolore@https://registry.npmjs.org/piccolore/-/piccolore-0.1.3.tgz 0ms (cache hit)
2266 http cache mrmime@https://registry.npmjs.org/mrmime/-/mrmime-2.0.1.tgz 0ms (cache hit)
2267 http cache obug@https://registry.npmjs.org/obug/-/obug-2.1.1.tgz 0ms (cache hit)
2268 http cache p-limit@https://registry.npmjs.org/p-limit/-/p-limit-7.3.0.tgz 0ms (cache hit)
2269 http cache magicast@https://registry.npmjs.org/magicast/-/magicast-0.5.2.tgz 0ms (cache hit)
2270 http cache magic-string@https://registry.npmjs.org/magic-string/-/magic-string-0.30.21.tgz 0ms (cache hit)
2271 http cache neotraverse@https://registry.npmjs.org/neotraverse/-/neotraverse-0.6.18.tgz 0ms (cache hit)
2272 http cache p-queue@https://registry.npmjs.org/p-queue/-/p-queue-9.2.0.tgz 0ms (cache hit)
2273 http cache package-manager-detector@https://registry.npmjs.org/package-manager-detector/-/package-manager-detector-1.6.0.tgz 0ms (cache hit)
2274 http cache semver@https://registry.npmjs.org/semver/-/semver-7.7.4.tgz 0ms (cache hit)
2275 http cache github-slugger@https://registry.npmjs.org/github-slugger/-/github-slugger-2.0.0.tgz 0ms (cache hit)
2276 http cache html-escaper@https://registry.npmjs.org/html-escaper/-/html-escaper-3.0.3.tgz 0ms (cache hit)
2277 http cache flattie@https://registry.npmjs.org/flattie/-/flattie-1.1.1.tgz 0ms (cache hit)
2278 http cache js-yaml@https://registry.npmjs.org/js-yaml/-/js-yaml-4.1.1.tgz 0ms (cache hit)
2279 http cache dset@https://registry.npmjs.org/dset/-/dset-3.1.4.tgz 0ms (cache hit)
2280 http cache es-module-lexer@https://registry.npmjs.org/es-module-lexer/-/es-module-lexer-2.1.0.tgz 0ms (cache hit)
2281 http cache devalue@https://registry.npmjs.org/devalue/-/devalue-5.7.1.tgz 0ms (cache hit)
2282 http cache clsx@https://registry.npmjs.org/clsx/-/clsx-2.1.1.tgz 0ms (cache hit)
2283 http cache http-cache-semantics@https://registry.npmjs.org/http-cache-semantics/-/http-cache-semantics-4.2.0.tgz 0ms (cache hit)
2284 http cache diff@https://registry.npmjs.org/diff/-/diff-8.0.4.tgz 0ms (cache hit)
2285 http cache axobject-query@https://registry.npmjs.org/axobject-query/-/axobject-query-4.1.0.tgz 0ms (cache hit)
2286 http cache common-ancestor-path@https://registry.npmjs.org/common-ancestor-path/-/common-ancestor-path-2.0.0.tgz 0ms (cache hit)
2287 http cache @oslojs/encoding@https://registry.npmjs.org/@oslojs/encoding/-/encoding-1.1.0.tgz 0ms (cache hit)
2288 http cache ci-info@https://registry.npmjs.org/ci-info/-/ci-info-4.4.0.tgz 0ms (cache hit)
2289 http cache cookie@https://registry.npmjs.org/cookie/-/cookie-1.1.1.tgz 0ms (cache hit)
2290 http cache @capsizecss/unpack@https://registry.npmjs.org/@capsizecss/unpack/-/unpack-4.0.0.tgz 0ms (cache hit)
2291 http cache aria-query@https://registry.npmjs.org/aria-query/-/aria-query-5.3.2.tgz 0ms (cache hit)
2292 http cache @rollup/pluginutils@https://registry.npmjs.org/@rollup/pluginutils/-/pluginutils-5.3.0.tgz 0ms (cache hit)
2293 http cache fontace@https://registry.npmjs.org/fontace/-/fontace-0.4.1.tgz 0ms (cache hit)
2294 http cache @clack/prompts@https://registry.npmjs.org/@clack/prompts/-/prompts-1.3.0.tgz 0ms (cache hit)
2295 http cache @astrojs/markdown-remark@https://registry.npmjs.org/@astrojs/markdown-remark/-/markdown-remark-7.1.1.tgz 0ms (cache hit)
2296 http cache @astrojs/compiler@https://registry.npmjs.org/@astrojs/compiler/-/compiler-4.0.0.tgz 0ms (cache hit)
2297 http cache @astrojs/internal-helpers@https://registry.npmjs.org/@astrojs/internal-helpers/-/internal-helpers-0.9.0.tgz 0ms (cache hit)
2298 http cache astro@https://registry.npmjs.org/astro/-/astro-6.2.0.tgz 0ms (cache hit)
2299 http cache esbuild@https://registry.npmjs.org/esbuild/-/esbuild-0.27.7.tgz 0ms (cache hit)
2300 http cache entities@https://registry.npmjs.org/entities/-/entities-4.5.0.tgz 0ms (cache hit)
2301 http cache @astrojs/telemetry@https://registry.npmjs.org/@astrojs/telemetry/-/telemetry-3.3.1.tgz 0ms (cache hit)
2302 silly tarball no local data for @rollup/rollup-darwin-arm64@https://registry.npmjs.org/@rollup/rollup-darwin-arm64/-/rollup-darwin-arm64-4.60.2.tgz. Extracting by manifest.
2303 silly tarball no local data for fsevents@https://registry.npmjs.org/fsevents/-/fsevents-2.3.3.tgz. Extracting by manifest.
2304 silly tarball no local data for uncrypto@https://registry.npmjs.org/uncrypto/-/uncrypto-0.1.3.tgz. Extracting by manifest.
2305 http cache picomatch@https://registry.npmjs.org/picomatch/-/picomatch-2.3.2.tgz 0ms (cache hit)
2306 silly tarball no local data for nanoid@https://registry.npmjs.org/nanoid/-/nanoid-3.3.11.tgz. Extracting by manifest.
2307 silly tarball no local data for radix3@https://registry.npmjs.org/radix3/-/radix3-1.1.2.tgz. Extracting by manifest.
2308 silly tarball no local data for defu@https://registry.npmjs.org/defu/-/defu-6.1.7.tgz. Extracting by manifest.
2309 silly tarball no local data for iron-webcrypto@https://registry.npmjs.org/iron-webcrypto/-/iron-webcrypto-1.2.1.tgz. Extracting by manifest.
2310 silly tarball no local data for postcss@https://registry.npmjs.org/postcss/-/postcss-8.5.12.tgz. Extracting by manifest.
2311 silly tarball no local data for rollup@https://registry.npmjs.org/rollup/-/rollup-4.60.2.tgz. Extracting by manifest.
2312 silly tarball no local data for crossws@https://registry.npmjs.org/crossws/-/crossws-0.3.5.tgz. Extracting by manifest.
2313 silly tarball no local data for lru-cache@https://registry.npmjs.org/lru-cache/-/lru-cache-11.3.5.tgz. Extracting by manifest.
2314 silly tarball no local data for node-mock-http@https://registry.npmjs.org/node-mock-http/-/node-mock-http-1.0.4.tgz. Extracting by manifest.
2315 silly tarball no local data for cookie-es@https://registry.npmjs.org/cookie-es/-/cookie-es-1.2.3.tgz. Extracting by manifest.
2316 silly tarball no local data for chokidar@https://registry.npmjs.org/chokidar/-/chokidar-5.0.0.tgz. Extracting by manifest.
2317 silly tarball no local data for normalize-path@https://registry.npmjs.org/normalize-path/-/normalize-path-3.0.0.tgz. Extracting by manifest.
2318 silly tarball no local data for readdirp@https://registry.npmjs.org/readdirp/-/readdirp-5.0.0.tgz. Extracting by manifest.
2319 silly tarball no local data for array-iterate@https://registry.npmjs.org/array-iterate/-/array-iterate-2.0.1.tgz. Extracting by manifest.
2320 silly tarball no local data for anymatch@https://registry.npmjs.org/anymatch/-/anymatch-3.1.3.tgz. Extracting by manifest.
2321 silly tarball no local data for ufo@https://registry.npmjs.org/ufo/-/ufo-1.6.4.tgz. Extracting by manifest.
2322 silly tarball no local data for ohash@https://registry.npmjs.org/ohash/-/ohash-2.0.11.tgz. Extracting by manifest.
2323 http cache mdn-data@https://registry.npmjs.org/mdn-data/-/mdn-data-2.0.28.tgz 0ms (cache hit)
2324 silly tarball no local data for trough@https://registry.npmjs.org/trough/-/trough-2.2.0.tgz. Extracting by manifest.
2325 http cache is-docker@https://registry.npmjs.org/is-docker/-/is-docker-3.0.0.tgz 0ms (cache hit)
2326 silly tarball no local data for node-fetch-native@https://registry.npmjs.org/node-fetch-native/-/node-fetch-native-1.6.7.tgz. Extracting by manifest.
2327 silly tarball no local data for h3@https://registry.npmjs.org/h3/-/h3-1.15.11.tgz. Extracting by manifest.
2328 silly tarball no local data for extend@https://registry.npmjs.org/extend/-/extend-3.0.2.tgz. Extracting by manifest.
2329 silly tarball no local data for bail@https://registry.npmjs.org/bail/-/bail-2.0.2.tgz. Extracting by manifest.
2330 silly tarball no local data for is-plain-obj@https://registry.npmjs.org/is-plain-obj/-/is-plain-obj-4.1.0.tgz. Extracting by manifest.
2331 silly tarball no local data for ofetch@https://registry.npmjs.org/ofetch/-/ofetch-1.5.1.tgz. Extracting by manifest.
2332 silly tarball no local data for nth-check@https://registry.npmjs.org/nth-check/-/nth-check-2.1.1.tgz. Extracting by manifest.
2333 silly tarball no local data for domelementtype@https://registry.npmjs.org/domelementtype/-/domelementtype-2.3.0.tgz. Extracting by manifest.
2334 silly tarball no local data for mdn-data@https://registry.npmjs.org/mdn-data/-/mdn-data-2.27.1.tgz. Extracting by manifest.
2335 silly tarball no local data for domutils@https://registry.npmjs.org/domutils/-/domutils-3.2.2.tgz. Extracting by manifest.
2336 silly tarball no local data for domhandler@https://registry.npmjs.org/domhandler/-/domhandler-5.0.3.tgz. Extracting by manifest.
2337 silly tarball no local data for csso@https://registry.npmjs.org/csso/-/csso-5.0.5.tgz. Extracting by manifest.
2338 silly tarball no local data for destr@https://registry.npmjs.org/destr/-/destr-2.0.5.tgz. Extracting by manifest.
2339 http cache css-tree@https://registry.npmjs.org/css-tree/-/css-tree-2.2.1.tgz 0ms (cache hit)
2340 silly tarball no local data for fdir@https://registry.npmjs.org/fdir/-/fdir-6.5.0.tgz. Extracting by manifest.
2341 silly tarball no local data for css-tree@https://registry.npmjs.org/css-tree/-/css-tree-3.2.1.tgz. Extracting by manifest.
2342 silly tarball no local data for css-what@https://registry.npmjs.org/css-what/-/css-what-6.2.2.tgz. Extracting by manifest.
2343 silly tarball no local data for character-entities-legacy@https://registry.npmjs.org/character-entities-legacy/-/character-entities-legacy-3.0.0.tgz. Extracting by manifest.
2344 silly tarball no local data for boolbase@https://registry.npmjs.org/boolbase/-/boolbase-1.0.0.tgz. Extracting by manifest.
2345 silly tarball no local data for sax@https://registry.npmjs.org/sax/-/sax-1.6.0.tgz. Extracting by manifest.
2346 silly tarball no local data for picocolors@https://registry.npmjs.org/picocolors/-/picocolors-1.1.1.tgz. Extracting by manifest.
2347 silly tarball no local data for regex-utilities@https://registry.npmjs.org/regex-utilities/-/regex-utilities-2.3.0.tgz. Extracting by manifest.
2348 silly tarball no local data for character-entities-html4@https://registry.npmjs.org/character-entities-html4/-/character-entities-html4-2.1.0.tgz. Extracting by manifest.
2349 silly tarball no local data for dom-serializer@https://registry.npmjs.org/dom-serializer/-/dom-serializer-2.0.0.tgz. Extracting by manifest.
2350 silly tarball no local data for @shikijs/primitive@https://registry.npmjs.org/@shikijs/primitive/-/primitive-4.0.2.tgz. Extracting by manifest.
2351 silly tarball no local data for oniguruma-parser@https://registry.npmjs.org/oniguruma-parser/-/oniguruma-parser-0.12.2.tgz. Extracting by manifest.
2352 silly tarball no local data for oniguruma-to-es@https://registry.npmjs.org/oniguruma-to-es/-/oniguruma-to-es-4.3.6.tgz. Extracting by manifest.
2353 silly tarball no local data for css-select@https://registry.npmjs.org/css-select/-/css-select-5.2.2.tgz. Extracting by manifest.
2354 silly tarball no local data for commander@https://registry.npmjs.org/commander/-/commander-11.1.0.tgz. Extracting by manifest.
2355 silly tarball no local data for @shikijs/themes@https://registry.npmjs.org/@shikijs/themes/-/themes-4.0.2.tgz. Extracting by manifest.
2356 silly tarball no local data for regex@https://registry.npmjs.org/regex/-/regex-6.1.0.tgz. Extracting by manifest.
2357 silly tarball no local data for @shikijs/vscode-textmate@https://registry.npmjs.org/@shikijs/vscode-textmate/-/vscode-textmate-10.0.2.tgz. Extracting by manifest.
2358 silly tarball no local data for @shikijs/engine-javascript@https://registry.npmjs.org/@shikijs/engine-javascript/-/engine-javascript-4.0.2.tgz. Extracting by manifest.
2359 silly tarball no local data for @shikijs/engine-oniguruma@https://registry.npmjs.org/@shikijs/engine-oniguruma/-/engine-oniguruma-4.0.2.tgz. Extracting by manifest.
2360 silly tarball no local data for @img/sharp-libvips-darwin-arm64@https://registry.npmjs.org/@img/sharp-libvips-darwin-arm64/-/sharp-libvips-darwin-arm64-1.2.4.tgz. Extracting by manifest.
2361 silly tarball no local data for @shikijs/types@https://registry.npmjs.org/@shikijs/types/-/types-4.0.2.tgz. Extracting by manifest.
2362 silly tarball no local data for @shikijs/core@https://registry.npmjs.org/@shikijs/core/-/core-4.0.2.tgz. Extracting by manifest.
2363 silly tarball no local data for regex-recursion@https://registry.npmjs.org/regex-recursion/-/regex-recursion-6.0.2.tgz. Extracting by manifest.
2364 silly tarball no local data for unist-util-visit-children@https://registry.npmjs.org/unist-util-visit-children/-/unist-util-visit-children-3.0.0.tgz. Extracting by manifest.
2365 silly tarball no local data for unist-util-modify-children@https://registry.npmjs.org/unist-util-modify-children/-/unist-util-modify-children-4.0.0.tgz. Extracting by manifest.
2366 silly tarball no local data for detect-libc@https://registry.npmjs.org/detect-libc/-/detect-libc-2.1.2.tgz. Extracting by manifest.
2367 silly tarball no local data for @img/sharp-darwin-arm64@https://registry.npmjs.org/@img/sharp-darwin-arm64/-/sharp-darwin-arm64-0.34.5.tgz. Extracting by manifest.
2368 silly tarball no local data for nlcst-to-string@https://registry.npmjs.org/nlcst-to-string/-/nlcst-to-string-4.0.0.tgz. Extracting by manifest.
2369 silly tarball no local data for retext-stringify@https://registry.npmjs.org/retext-stringify/-/retext-stringify-4.0.0.tgz. Extracting by manifest.
2370 silly tarball no local data for @img/colour@https://registry.npmjs.org/@img/colour/-/colour-1.1.0.tgz. Extracting by manifest.
2371 silly tarball no local data for retext-latin@https://registry.npmjs.org/retext-latin/-/retext-latin-4.0.0.tgz. Extracting by manifest.
2372 silly tarball no local data for micromark-extension-gfm-table@https://registry.npmjs.org/micromark-extension-gfm-table/-/micromark-extension-gfm-table-2.1.1.tgz. Extracting by manifest.
2373 silly tarball no local data for @shikijs/langs@https://registry.npmjs.org/@shikijs/langs/-/langs-4.0.2.tgz. Extracting by manifest.
2374 silly tarball no local data for micromark-extension-gfm-strikethrough@https://registry.npmjs.org/micromark-extension-gfm-strikethrough/-/micromark-extension-gfm-strikethrough-2.1.0.tgz. Extracting by manifest.
2375 silly tarball no local data for micromark-extension-gfm-tagfilter@https://registry.npmjs.org/micromark-extension-gfm-tagfilter/-/micromark-extension-gfm-tagfilter-2.0.0.tgz. Extracting by manifest.
2376 silly tarball no local data for micromark-extension-gfm-task-list-item@https://registry.npmjs.org/micromark-extension-gfm-task-list-item/-/micromark-extension-gfm-task-list-item-2.1.0.tgz. Extracting by manifest.
2377 silly tarball no local data for micromark-extension-gfm-autolink-literal@https://registry.npmjs.org/micromark-extension-gfm-autolink-literal/-/micromark-extension-gfm-autolink-literal-2.1.0.tgz. Extracting by manifest.
2378 silly tarball no local data for @types/nlcst@https://registry.npmjs.org/@types/nlcst/-/nlcst-2.0.3.tgz. Extracting by manifest.
2379 silly tarball no local data for parse-latin@https://registry.npmjs.org/parse-latin/-/parse-latin-7.0.0.tgz. Extracting by manifest.
2380 silly tarball no local data for micromark-factory-title@https://registry.npmjs.org/micromark-factory-title/-/micromark-factory-title-2.0.1.tgz. Extracting by manifest.
2381 silly tarball no local data for micromark-factory-whitespace@https://registry.npmjs.org/micromark-factory-whitespace/-/micromark-factory-whitespace-2.0.1.tgz. Extracting by manifest.
2382 silly tarball no local data for retext@https://registry.npmjs.org/retext/-/retext-9.0.0.tgz. Extracting by manifest.
2383 silly tarball no local data for ms@https://registry.npmjs.org/ms/-/ms-2.1.3.tgz. Extracting by manifest.
2384 silly tarball no local data for micromark-util-subtokenize@https://registry.npmjs.org/micromark-util-subtokenize/-/micromark-util-subtokenize-2.1.0.tgz. Extracting by manifest.
2385 silly tarball no local data for micromark-factory-label@https://registry.npmjs.org/micromark-factory-label/-/micromark-factory-label-2.0.1.tgz. Extracting by manifest.
2386 silly tarball no local data for micromark-extension-gfm-footnote@https://registry.npmjs.org/micromark-extension-gfm-footnote/-/micromark-extension-gfm-footnote-2.1.0.tgz. Extracting by manifest.
2387 silly tarball no local data for micromark-util-html-tag-name@https://registry.npmjs.org/micromark-util-html-tag-name/-/micromark-util-html-tag-name-2.0.1.tgz. Extracting by manifest.
2388 silly tarball no local data for @types/ms@https://registry.npmjs.org/@types/ms/-/ms-2.1.0.tgz. Extracting by manifest.
2389 silly tarball no local data for micromark-factory-destination@https://registry.npmjs.org/micromark-factory-destination/-/micromark-factory-destination-2.0.1.tgz. Extracting by manifest.
2390 silly tarball no local data for micromark-util-resolve-all@https://registry.npmjs.org/micromark-util-resolve-all/-/micromark-util-resolve-all-2.0.1.tgz. Extracting by manifest.
2391 silly tarball no local data for micromark-core-commonmark@https://registry.npmjs.org/micromark-core-commonmark/-/micromark-core-commonmark-2.0.3.tgz. Extracting by manifest.
2392 silly tarball no local data for micromark-factory-space@https://registry.npmjs.org/micromark-factory-space/-/micromark-factory-space-2.0.1.tgz. Extracting by manifest.
2393 silly tarball no local data for debug@https://registry.npmjs.org/debug/-/debug-4.4.3.tgz. Extracting by manifest.
2394 silly tarball no local data for @types/debug@https://registry.npmjs.org/@types/debug/-/debug-4.1.13.tgz. Extracting by manifest.
2395 silly tarball no local data for micromark-util-classify-character@https://registry.npmjs.org/micromark-util-classify-character/-/micromark-util-classify-character-2.0.1.tgz. Extracting by manifest.
2396 silly tarball no local data for micromark-util-chunked@https://registry.npmjs.org/micromark-util-chunked/-/micromark-util-chunked-2.0.1.tgz. Extracting by manifest.
2397 silly tarball no local data for micromark-util-combine-extensions@https://registry.npmjs.org/micromark-util-combine-extensions/-/micromark-util-combine-extensions-2.0.1.tgz. Extracting by manifest.
2398 silly tarball no local data for mdast-util-phrasing@https://registry.npmjs.org/mdast-util-phrasing/-/mdast-util-phrasing-4.1.0.tgz. Extracting by manifest.
2399 silly tarball no local data for character-entities@https://registry.npmjs.org/character-entities/-/character-entities-2.0.2.tgz. Extracting by manifest.
2400 silly tarball no local data for unist-util-is@https://registry.npmjs.org/unist-util-is/-/unist-util-is-6.0.1.tgz. Extracting by manifest.
2401 silly tarball no local data for markdown-table@https://registry.npmjs.org/markdown-table/-/markdown-table-3.0.4.tgz. Extracting by manifest.
2402 silly tarball no local data for mdast-util-find-and-replace@https://registry.npmjs.org/mdast-util-find-and-replace/-/mdast-util-find-and-replace-3.0.2.tgz. Extracting by manifest.
2403 silly tarball no local data for longest-streak@https://registry.npmjs.org/longest-streak/-/longest-streak-3.1.0.tgz. Extracting by manifest.
2404 silly tarball no local data for micromark-util-decode-string@https://registry.npmjs.org/micromark-util-decode-string/-/micromark-util-decode-string-2.0.1.tgz. Extracting by manifest.
2405 silly tarball no local data for micromark-util-decode-numeric-character-reference@https://registry.npmjs.org/micromark-util-decode-numeric-character-reference/-/micromark-util-decode-numeric-character-reference-2.0.2.tgz. Extracting by manifest.
2406 silly tarball no local data for escape-string-regexp@https://registry.npmjs.org/escape-string-regexp/-/escape-string-regexp-5.0.0.tgz. Extracting by manifest.
2407 silly tarball no local data for micromark-util-normalize-identifier@https://registry.npmjs.org/micromark-util-normalize-identifier/-/micromark-util-normalize-identifier-2.0.1.tgz. Extracting by manifest.
2408 silly tarball no local data for unist-util-stringify-position@https://registry.npmjs.org/unist-util-stringify-position/-/unist-util-stringify-position-4.0.0.tgz. Extracting by manifest.
2409 silly tarball no local data for mdast-util-to-string@https://registry.npmjs.org/mdast-util-to-string/-/mdast-util-to-string-4.0.0.tgz. Extracting by manifest.
2410 silly tarball no local data for decode-named-character-reference@https://registry.npmjs.org/decode-named-character-reference/-/decode-named-character-reference-1.3.0.tgz. Extracting by manifest.
2411 silly tarball no local data for mdast-util-to-markdown@https://registry.npmjs.org/mdast-util-to-markdown/-/mdast-util-to-markdown-2.1.2.tgz. Extracting by manifest.
2412 silly tarball no local data for mdast-util-gfm-strikethrough@https://registry.npmjs.org/mdast-util-gfm-strikethrough/-/mdast-util-gfm-strikethrough-2.0.0.tgz. Extracting by manifest.
2413 silly tarball no local data for mdast-util-from-markdown@https://registry.npmjs.org/mdast-util-from-markdown/-/mdast-util-from-markdown-2.0.3.tgz. Extracting by manifest.
2414 silly tarball no local data for remark-stringify@https://registry.npmjs.org/remark-stringify/-/remark-stringify-11.0.0.tgz. Extracting by manifest.
2415 silly tarball no local data for mdast-util-gfm-task-list-item@https://registry.npmjs.org/mdast-util-gfm-task-list-item/-/mdast-util-gfm-task-list-item-2.0.0.tgz. Extracting by manifest.
2416 silly tarball no local data for mdast-util-gfm-table@https://registry.npmjs.org/mdast-util-gfm-table/-/mdast-util-gfm-table-2.0.0.tgz. Extracting by manifest.
2417 silly tarball no local data for micromark@https://registry.npmjs.org/micromark/-/micromark-4.0.2.tgz. Extracting by manifest.
2418 silly tarball no local data for mdast-util-gfm-autolink-literal@https://registry.npmjs.org/mdast-util-gfm-autolink-literal/-/mdast-util-gfm-autolink-literal-2.0.1.tgz. Extracting by manifest.
2419 silly tarball no local data for hast-util-whitespace@https://registry.npmjs.org/hast-util-whitespace/-/hast-util-whitespace-3.0.0.tgz. Extracting by manifest.
2420 silly tarball no local data for stringify-entities@https://registry.npmjs.org/stringify-entities/-/stringify-entities-4.0.4.tgz. Extracting by manifest.
2421 silly tarball no local data for hast-util-to-html@https://registry.npmjs.org/hast-util-to-html/-/hast-util-to-html-9.0.5.tgz. Extracting by manifest.
2422 silly tarball no local data for micromark-util-symbol@https://registry.npmjs.org/micromark-util-symbol/-/micromark-util-symbol-2.0.1.tgz. Extracting by manifest.
2423 silly tarball no local data for ccount@https://registry.npmjs.org/ccount/-/ccount-2.0.1.tgz. Extracting by manifest.
2424 silly tarball no local data for micromark-util-encode@https://registry.npmjs.org/micromark-util-encode/-/micromark-util-encode-2.0.1.tgz. Extracting by manifest.
2425 silly tarball no local data for mdast-util-gfm@https://registry.npmjs.org/mdast-util-gfm/-/mdast-util-gfm-3.1.0.tgz. Extracting by manifest.
2426 silly tarball no local data for micromark-extension-gfm@https://registry.npmjs.org/micromark-extension-gfm/-/micromark-extension-gfm-3.0.0.tgz. Extracting by manifest.
2427 silly tarball no local data for micromark-util-sanitize-uri@https://registry.npmjs.org/micromark-util-sanitize-uri/-/micromark-util-sanitize-uri-2.0.1.tgz. Extracting by manifest.
2428 silly tarball no local data for micromark-util-character@https://registry.npmjs.org/micromark-util-character/-/micromark-util-character-2.1.1.tgz. Extracting by manifest.
2429 silly tarball no local data for zwitch@https://registry.npmjs.org/zwitch/-/zwitch-2.0.4.tgz. Extracting by manifest.
2430 silly tarball no local data for micromark-util-types@https://registry.npmjs.org/micromark-util-types/-/micromark-util-types-2.0.2.tgz. Extracting by manifest.
2431 silly tarball no local data for mdast-util-gfm-footnote@https://registry.npmjs.org/mdast-util-gfm-footnote/-/mdast-util-gfm-footnote-2.1.0.tgz. Extracting by manifest.
2432 silly tarball no local data for mdast-util-to-hast@https://registry.npmjs.org/mdast-util-to-hast/-/mdast-util-to-hast-13.2.1.tgz. Extracting by manifest.
2433 silly tarball no local data for @ungap/structured-clone@https://registry.npmjs.org/@ungap/structured-clone/-/structured-clone-1.3.0.tgz. Extracting by manifest.
2434 silly tarball no local data for hast-util-to-parse5@https://registry.npmjs.org/hast-util-to-parse5/-/hast-util-to-parse5-8.0.1.tgz. Extracting by manifest.
2435 silly tarball no local data for entities@https://registry.npmjs.org/entities/-/entities-6.0.1.tgz. Extracting by manifest.
2436 silly tarball no local data for p-timeout@https://registry.npmjs.org/p-timeout/-/p-timeout-7.0.1.tgz. Extracting by manifest.
2437 silly tarball no local data for unist-util-position@https://registry.npmjs.org/unist-util-position/-/unist-util-position-5.0.0.tgz. Extracting by manifest.
2438 silly tarball no local data for hast-util-raw@https://registry.npmjs.org/hast-util-raw/-/hast-util-raw-9.1.0.tgz. Extracting by manifest.
2439 silly tarball no local data for rehype-parse@https://registry.npmjs.org/rehype-parse/-/rehype-parse-9.0.1.tgz. Extracting by manifest.
2440 silly tarball no local data for eventemitter3@https://registry.npmjs.org/eventemitter3/-/eventemitter3-5.0.4.tgz. Extracting by manifest.
2441 silly tarball no local data for @types/mdast@https://registry.npmjs.org/@types/mdast/-/mdast-4.0.4.tgz. Extracting by manifest.
2442 silly tarball no local data for source-map-js@https://registry.npmjs.org/source-map-js/-/source-map-js-1.2.1.tgz. Extracting by manifest.
2443 silly tarball no local data for @babel/helper-string-parser@https://registry.npmjs.org/@babel/helper-string-parser/-/helper-string-parser-7.27.1.tgz. Extracting by manifest.
2444 silly tarball no local data for @babel/parser@https://registry.npmjs.org/@babel/parser/-/parser-7.29.2.tgz. Extracting by manifest.
2445 silly tarball no local data for yocto-queue@https://registry.npmjs.org/yocto-queue/-/yocto-queue-1.2.2.tgz. Extracting by manifest.
2446 silly tarball no local data for @babel/types@https://registry.npmjs.org/@babel/types/-/types-7.29.0.tgz. Extracting by manifest.
2447 silly tarball no local data for trim-lines@https://registry.npmjs.org/trim-lines/-/trim-lines-3.0.1.tgz. Extracting by manifest.
2448 silly tarball no local data for space-separated-tokens@https://registry.npmjs.org/space-separated-tokens/-/space-separated-tokens-2.0.2.tgz. Extracting by manifest.
2449 silly tarball no local data for argparse@https://registry.npmjs.org/argparse/-/argparse-2.0.1.tgz. Extracting by manifest.
2450 silly tarball no local data for @jridgewell/sourcemap-codec@https://registry.npmjs.org/@jridgewell/sourcemap-codec/-/sourcemap-codec-1.5.5.tgz. Extracting by manifest.
2451 silly tarball no local data for html-void-elements@https://registry.npmjs.org/html-void-elements/-/html-void-elements-3.0.0.tgz. Extracting by manifest.
2452 silly tarball no local data for comma-separated-tokens@https://registry.npmjs.org/comma-separated-tokens/-/comma-separated-tokens-2.0.3.tgz. Extracting by manifest.
2453 silly tarball no local data for web-namespaces@https://registry.npmjs.org/web-namespaces/-/web-namespaces-2.0.1.tgz. Extracting by manifest.
2454 silly tarball no local data for vfile-location@https://registry.npmjs.org/vfile-location/-/vfile-location-5.0.3.tgz. Extracting by manifest.
2455 silly tarball no local data for property-information@https://registry.npmjs.org/property-information/-/property-information-7.1.0.tgz. Extracting by manifest.
2456 silly tarball no local data for @babel/helper-validator-identifier@https://registry.npmjs.org/@babel/helper-validator-identifier/-/helper-validator-identifier-7.28.5.tgz. Extracting by manifest.
2457 silly tarball no local data for hastscript@https://registry.npmjs.org/hastscript/-/hastscript-9.0.1.tgz. Extracting by manifest.
2458 silly tarball no local data for dequal@https://registry.npmjs.org/dequal/-/dequal-2.0.3.tgz. Extracting by manifest.
2459 silly tarball no local data for is-inside-container@https://registry.npmjs.org/is-inside-container/-/is-inside-container-1.0.0.tgz. Extracting by manifest.
2460 silly tarball no local data for hast-util-parse-selector@https://registry.npmjs.org/hast-util-parse-selector/-/hast-util-parse-selector-4.0.0.tgz. Extracting by manifest.
2461 silly tarball no local data for vfile-message@https://registry.npmjs.org/vfile-message/-/vfile-message-4.0.3.tgz. Extracting by manifest.
2462 silly tarball no local data for unist-util-find-after@https://registry.npmjs.org/unist-util-find-after/-/unist-util-find-after-5.0.0.tgz. Extracting by manifest.
2463 silly tarball no local data for tiny-inflate@https://registry.npmjs.org/tiny-inflate/-/tiny-inflate-1.0.3.tgz. Extracting by manifest.
2464 silly tarball no local data for fast-string-truncated-width@https://registry.npmjs.org/fast-string-truncated-width/-/fast-string-truncated-width-3.0.3.tgz. Extracting by manifest.
2465 silly tarball no local data for devlop@https://registry.npmjs.org/devlop/-/devlop-1.1.0.tgz. Extracting by manifest.
2466 silly tarball no local data for hast-util-from-parse5@https://registry.npmjs.org/hast-util-from-parse5/-/hast-util-from-parse5-8.0.3.tgz. Extracting by manifest.
2467 silly tarball no local data for parse5@https://registry.npmjs.org/parse5/-/parse5-7.3.0.tgz. Extracting by manifest.
2468 silly tarball no local data for estree-walker@https://registry.npmjs.org/estree-walker/-/estree-walker-2.0.2.tgz. Extracting by manifest.
2469 silly tarball no local data for @types/unist@https://registry.npmjs.org/@types/unist/-/unist-3.0.3.tgz. Extracting by manifest.
2470 silly tarball no local data for @esbuild/darwin-arm64@https://registry.npmjs.org/@esbuild/darwin-arm64/-/darwin-arm64-0.27.7.tgz. Extracting by manifest.
2471 silly tarball no local data for fast-wrap-ansi@https://registry.npmjs.org/fast-wrap-ansi/-/fast-wrap-ansi-0.2.0.tgz. Extracting by manifest.
2472 silly tarball no local data for sisteransi@https://registry.npmjs.org/sisteransi/-/sisteransi-1.0.5.tgz. Extracting by manifest.
2473 silly tarball no local data for fontkitten@https://registry.npmjs.org/fontkitten/-/fontkitten-1.0.3.tgz. Extracting by manifest.
2474 silly tarball no local data for @types/estree@https://registry.npmjs.org/@types/estree/-/estree-1.0.8.tgz. Extracting by manifest.
2475 silly tarball no local data for @clack/core@https://registry.npmjs.org/@clack/core/-/core-1.3.0.tgz. Extracting by manifest.
2476 silly tarball no local data for fast-string-width@https://registry.npmjs.org/fast-string-width/-/fast-string-width-3.0.2.tgz. Extracting by manifest.
2477 silly tarball no local data for hast-util-is-element@https://registry.npmjs.org/hast-util-is-element/-/hast-util-is-element-3.0.0.tgz. Extracting by manifest.
2478 silly tarball no local data for is-docker@https://registry.npmjs.org/is-docker/-/is-docker-4.0.0.tgz. Extracting by manifest.
2479 silly tarball no local data for dlv@https://registry.npmjs.org/dlv/-/dlv-1.1.3.tgz. Extracting by manifest.
2480 silly tarball no local data for is-wsl@https://registry.npmjs.org/is-wsl/-/is-wsl-3.1.1.tgz. Extracting by manifest.
2481 silly tarball no local data for unist-util-visit-parents@https://registry.npmjs.org/unist-util-visit-parents/-/unist-util-visit-parents-6.0.2.tgz. Extracting by manifest.
2482 silly tarball no local data for which-pm-runs@https://registry.npmjs.org/which-pm-runs/-/which-pm-runs-1.1.0.tgz. Extracting by manifest.
2483 silly tarball no local data for @types/hast@https://registry.npmjs.org/@types/hast/-/hast-3.0.4.tgz. Extracting by manifest.
2484 silly tarball no local data for remark-rehype@https://registry.npmjs.org/remark-rehype/-/remark-rehype-11.1.2.tgz. Extracting by manifest.
2485 silly tarball no local data for remark-parse@https://registry.npmjs.org/remark-parse/-/remark-parse-11.0.0.tgz. Extracting by manifest.
2486 silly tarball no local data for retext-smartypants@https://registry.npmjs.org/retext-smartypants/-/retext-smartypants-6.2.0.tgz. Extracting by manifest.
2487 silly tarball no local data for rehype-stringify@https://registry.npmjs.org/rehype-stringify/-/rehype-stringify-10.0.1.tgz. Extracting by manifest.
2488 silly tarball no local data for remark-smartypants@https://registry.npmjs.org/remark-smartypants/-/remark-smartypants-3.0.2.tgz. Extracting by manifest.
2489 silly tarball no local data for remark-gfm@https://registry.npmjs.org/remark-gfm/-/remark-gfm-4.0.1.tgz. Extracting by manifest.
2490 silly tarball no local data for unified@https://registry.npmjs.org/unified/-/unified-11.0.5.tgz. Extracting by manifest.
2491 silly tarball no local data for hast-util-from-html@https://registry.npmjs.org/hast-util-from-html/-/hast-util-from-html-2.0.3.tgz. Extracting by manifest.
2492 silly tarball no local data for hast-util-to-text@https://registry.npmjs.org/hast-util-to-text/-/hast-util-to-text-4.0.2.tgz. Extracting by manifest.
2493 silly tarball no local data for zod@https://registry.npmjs.org/zod/-/zod-4.4.1.tgz. Extracting by manifest.
2494 silly tarball no local data for mdast-util-definitions@https://registry.npmjs.org/mdast-util-definitions/-/mdast-util-definitions-6.0.0.tgz. Extracting by manifest.
2495 silly tarball no local data for xxhash-wasm@https://registry.npmjs.org/xxhash-wasm/-/xxhash-wasm-1.1.0.tgz. Extracting by manifest.
2496 silly tarball no local data for rehype-raw@https://registry.npmjs.org/rehype-raw/-/rehype-raw-7.0.0.tgz. Extracting by manifest.
2497 silly tarball no local data for @astrojs/prism@https://registry.npmjs.org/@astrojs/prism/-/prism-4.0.1.tgz. Extracting by manifest.
2498 silly tarball no local data for vitefu@https://registry.npmjs.org/vitefu/-/vitefu-1.1.3.tgz. Extracting by manifest.
2499 silly tarball no local data for vite@https://registry.npmjs.org/vite/-/vite-7.3.2.tgz. Extracting by manifest.
2500 silly tarball no local data for unstorage@https://registry.npmjs.org/unstorage/-/unstorage-1.17.5.tgz. Extracting by manifest.
2501 silly tarball no local data for yargs-parser@https://registry.npmjs.org/yargs-parser/-/yargs-parser-22.0.0.tgz. Extracting by manifest.
2502 silly tarball no local data for unifont@https://registry.npmjs.org/unifont/-/unifont-0.7.4.tgz. Extracting by manifest.
2503 silly tarball no local data for vfile@https://registry.npmjs.org/vfile/-/vfile-6.0.3.tgz. Extracting by manifest.
2504 silly tarball no local data for unist-util-visit@https://registry.npmjs.org/unist-util-visit/-/unist-util-visit-5.1.0.tgz. Extracting by manifest.
2505 silly tarball no local data for ultrahtml@https://registry.npmjs.org/ultrahtml/-/ultrahtml-1.6.0.tgz. Extracting by manifest.
2506 silly tarball no local data for tsconfck@https://registry.npmjs.org/tsconfck/-/tsconfck-3.1.6.tgz. Extracting by manifest.
2507 silly tarball no local data for svgo@https://registry.npmjs.org/svgo/-/svgo-4.0.1.tgz. Extracting by manifest.
2508 silly tarball no local data for tinyexec@https://registry.npmjs.org/tinyexec/-/tinyexec-1.1.2.tgz. Extracting by manifest.
2509 silly tarball no local data for prismjs@https://registry.npmjs.org/prismjs/-/prismjs-1.30.0.tgz. Extracting by manifest.
2510 silly tarball no local data for tinyglobby@https://registry.npmjs.org/tinyglobby/-/tinyglobby-0.2.16.tgz. Extracting by manifest.
2511 silly tarball no local data for shiki@https://registry.npmjs.org/shiki/-/shiki-4.0.2.tgz. Extracting by manifest.
2512 silly tarball no local data for tinyclip@https://registry.npmjs.org/tinyclip/-/tinyclip-0.1.12.tgz. Extracting by manifest.
2513 silly tarball no local data for smol-toml@https://registry.npmjs.org/smol-toml/-/smol-toml-1.6.1.tgz. Extracting by manifest.
2514 silly tarball no local data for unist-util-remove-position@https://registry.npmjs.org/unist-util-remove-position/-/unist-util-remove-position-5.0.0.tgz. Extracting by manifest.
2515 silly tarball no local data for picomatch@https://registry.npmjs.org/picomatch/-/picomatch-4.0.4.tgz. Extracting by manifest.
2516 silly tarball no local data for sharp@https://registry.npmjs.org/sharp/-/sharp-0.34.5.tgz. Extracting by manifest.
2517 silly tarball no local data for rehype@https://registry.npmjs.org/rehype/-/rehype-13.0.2.tgz. Extracting by manifest.
2518 silly tarball no local data for piccolore@https://registry.npmjs.org/piccolore/-/piccolore-0.1.3.tgz. Extracting by manifest.
2519 silly tarball no local data for mrmime@https://registry.npmjs.org/mrmime/-/mrmime-2.0.1.tgz. Extracting by manifest.
2520 silly tarball no local data for obug@https://registry.npmjs.org/obug/-/obug-2.1.1.tgz. Extracting by manifest.
2521 silly tarball no local data for p-limit@https://registry.npmjs.org/p-limit/-/p-limit-7.3.0.tgz. Extracting by manifest.
2522 silly tarball no local data for magicast@https://registry.npmjs.org/magicast/-/magicast-0.5.2.tgz. Extracting by manifest.
2523 silly tarball no local data for magic-string@https://registry.npmjs.org/magic-string/-/magic-string-0.30.21.tgz. Extracting by manifest.
2524 silly tarball no local data for neotraverse@https://registry.npmjs.org/neotraverse/-/neotraverse-0.6.18.tgz. Extracting by manifest.
2525 silly tarball no local data for p-queue@https://registry.npmjs.org/p-queue/-/p-queue-9.2.0.tgz. Extracting by manifest.
2526 silly tarball no local data for package-manager-detector@https://registry.npmjs.org/package-manager-detector/-/package-manager-detector-1.6.0.tgz. Extracting by manifest.
2527 silly tarball no local data for semver@https://registry.npmjs.org/semver/-/semver-7.7.4.tgz. Extracting by manifest.
2528 silly tarball no local data for github-slugger@https://registry.npmjs.org/github-slugger/-/github-slugger-2.0.0.tgz. Extracting by manifest.
2529 silly tarball no local data for html-escaper@https://registry.npmjs.org/html-escaper/-/html-escaper-3.0.3.tgz. Extracting by manifest.
2530 silly tarball no local data for flattie@https://registry.npmjs.org/flattie/-/flattie-1.1.1.tgz. Extracting by manifest.
2531 silly tarball no local data for js-yaml@https://registry.npmjs.org/js-yaml/-/js-yaml-4.1.1.tgz. Extracting by manifest.
2532 silly tarball no local data for dset@https://registry.npmjs.org/dset/-/dset-3.1.4.tgz. Extracting by manifest.
2533 silly tarball no local data for es-module-lexer@https://registry.npmjs.org/es-module-lexer/-/es-module-lexer-2.1.0.tgz. Extracting by manifest.
2534 silly tarball no local data for devalue@https://registry.npmjs.org/devalue/-/devalue-5.7.1.tgz. Extracting by manifest.
2535 silly tarball no local data for clsx@https://registry.npmjs.org/clsx/-/clsx-2.1.1.tgz. Extracting by manifest.
2536 silly tarball no local data for http-cache-semantics@https://registry.npmjs.org/http-cache-semantics/-/http-cache-semantics-4.2.0.tgz. Extracting by manifest.
2537 silly tarball no local data for diff@https://registry.npmjs.org/diff/-/diff-8.0.4.tgz. Extracting by manifest.
2538 silly tarball no local data for axobject-query@https://registry.npmjs.org/axobject-query/-/axobject-query-4.1.0.tgz. Extracting by manifest.
2539 silly tarball no local data for common-ancestor-path@https://registry.npmjs.org/common-ancestor-path/-/common-ancestor-path-2.0.0.tgz. Extracting by manifest.
2540 silly tarball no local data for @oslojs/encoding@https://registry.npmjs.org/@oslojs/encoding/-/encoding-1.1.0.tgz. Extracting by manifest.
2541 silly tarball no local data for ci-info@https://registry.npmjs.org/ci-info/-/ci-info-4.4.0.tgz. Extracting by manifest.
2542 silly tarball no local data for cookie@https://registry.npmjs.org/cookie/-/cookie-1.1.1.tgz. Extracting by manifest.
2543 silly tarball no local data for @capsizecss/unpack@https://registry.npmjs.org/@capsizecss/unpack/-/unpack-4.0.0.tgz. Extracting by manifest.
2544 silly tarball no local data for aria-query@https://registry.npmjs.org/aria-query/-/aria-query-5.3.2.tgz. Extracting by manifest.
2545 silly tarball no local data for @rollup/pluginutils@https://registry.npmjs.org/@rollup/pluginutils/-/pluginutils-5.3.0.tgz. Extracting by manifest.
2546 silly tarball no local data for fontace@https://registry.npmjs.org/fontace/-/fontace-0.4.1.tgz. Extracting by manifest.
2547 silly tarball no local data for @clack/prompts@https://registry.npmjs.org/@clack/prompts/-/prompts-1.3.0.tgz. Extracting by manifest.
2548 silly tarball no local data for @astrojs/markdown-remark@https://registry.npmjs.org/@astrojs/markdown-remark/-/markdown-remark-7.1.1.tgz. Extracting by manifest.
2549 silly tarball no local data for @astrojs/compiler@https://registry.npmjs.org/@astrojs/compiler/-/compiler-4.0.0.tgz. Extracting by manifest.
2550 silly tarball no local data for @astrojs/internal-helpers@https://registry.npmjs.org/@astrojs/internal-helpers/-/internal-helpers-0.9.0.tgz. Extracting by manifest.
2551 silly tarball no local data for astro@https://registry.npmjs.org/astro/-/astro-6.2.0.tgz. Extracting by manifest.
2552 silly tarball no local data for esbuild@https://registry.npmjs.org/esbuild/-/esbuild-0.27.7.tgz. Extracting by manifest.
2553 silly tarball no local data for entities@https://registry.npmjs.org/entities/-/entities-4.5.0.tgz. Extracting by manifest.
2554 silly tarball no local data for @astrojs/telemetry@https://registry.npmjs.org/@astrojs/telemetry/-/telemetry-3.3.1.tgz. Extracting by manifest.
2555 silly tarball no local data for picomatch@https://registry.npmjs.org/picomatch/-/picomatch-2.3.2.tgz. Extracting by manifest.
2556 silly tarball no local data for mdn-data@https://registry.npmjs.org/mdn-data/-/mdn-data-2.0.28.tgz. Extracting by manifest.
2557 silly tarball no local data for is-docker@https://registry.npmjs.org/is-docker/-/is-docker-3.0.0.tgz. Extracting by manifest.
2558 silly tarball no local data for css-tree@https://registry.npmjs.org/css-tree/-/css-tree-2.2.1.tgz. Extracting by manifest.
2559 http fetch POST 200 https://registry.npmjs.org/-/npm/v1/security/advisories/bulk 68ms
2560 silly audit report {}
2561 http fetch GET 200 https://registry.npmjs.org/nanoid/-/nanoid-3.3.11.tgz 55ms (cache miss)
2562 http fetch GET 200 https://registry.npmjs.org/defu/-/defu-6.1.7.tgz 56ms (cache miss)
2563 http fetch GET 200 https://registry.npmjs.org/iron-webcrypto/-/iron-webcrypto-1.2.1.tgz 56ms (cache miss)
2564 http fetch GET 200 https://registry.npmjs.org/uncrypto/-/uncrypto-0.1.3.tgz 57ms (cache miss)
2565 http fetch GET 200 https://registry.npmjs.org/radix3/-/radix3-1.1.2.tgz 57ms (cache miss)
2566 http fetch GET 200 https://registry.npmjs.org/readdirp/-/readdirp-5.0.0.tgz 62ms (cache miss)
2567 http fetch GET 200 https://registry.npmjs.org/fsevents/-/fsevents-2.3.3.tgz 65ms (cache miss)
2568 http fetch GET 200 https://registry.npmjs.org/postcss/-/postcss-8.5.12.tgz 66ms (cache miss)
2569 http fetch GET 200 https://registry.npmjs.org/normalize-path/-/normalize-path-3.0.0.tgz 65ms (cache miss)
2570 http fetch GET 200 https://registry.npmjs.org/array-iterate/-/array-iterate-2.0.1.tgz 72ms (cache miss)
2571 http fetch GET 200 https://registry.npmjs.org/ufo/-/ufo-1.6.4.tgz 78ms (cache miss)
2572 http fetch GET 200 https://registry.npmjs.org/ohash/-/ohash-2.0.11.tgz 78ms (cache miss)
2573 http fetch GET 200 https://registry.npmjs.org/anymatch/-/anymatch-3.1.3.tgz 78ms (cache miss)
2574 http fetch GET 200 https://registry.npmjs.org/trough/-/trough-2.2.0.tgz 82ms (cache miss)
2575 http fetch GET 200 https://registry.npmjs.org/@rollup/rollup-darwin-arm64/-/rollup-darwin-arm64-4.60.2.tgz 87ms (cache miss)
2576 http fetch GET 200 https://registry.npmjs.org/h3/-/h3-1.15.11.tgz 83ms (cache miss)
2577 http fetch GET 200 https://registry.npmjs.org/extend/-/extend-3.0.2.tgz 87ms (cache miss)
2578 http fetch GET 200 https://registry.npmjs.org/bail/-/bail-2.0.2.tgz 88ms (cache miss)
2579 http fetch GET 200 https://registry.npmjs.org/node-fetch-native/-/node-fetch-native-1.6.7.tgz 94ms (cache miss)
2580 http fetch GET 200 https://registry.npmjs.org/is-plain-obj/-/is-plain-obj-4.1.0.tgz 97ms (cache miss)
2581 http fetch GET 200 https://registry.npmjs.org/ofetch/-/ofetch-1.5.1.tgz 97ms (cache miss)
2582 http fetch GET 200 https://registry.npmjs.org/nth-check/-/nth-check-2.1.1.tgz 100ms (cache miss)
2583 http fetch GET 200 https://registry.npmjs.org/domhandler/-/domhandler-5.0.3.tgz 103ms (cache miss)
2584 http fetch GET 200 https://registry.npmjs.org/domelementtype/-/domelementtype-2.3.0.tgz 106ms (cache miss)
2585 http fetch GET 200 https://registry.npmjs.org/domutils/-/domutils-3.2.2.tgz 113ms (cache miss)
2586 http fetch GET 200 https://registry.npmjs.org/fdir/-/fdir-6.5.0.tgz 114ms (cache miss)
2587 http fetch GET 200 https://registry.npmjs.org/mdn-data/-/mdn-data-2.27.1.tgz 116ms (cache miss)
2588 http fetch GET 200 https://registry.npmjs.org/character-entities-legacy/-/character-entities-legacy-3.0.0.tgz 124ms (cache miss)
2589 http fetch GET 200 https://registry.npmjs.org/destr/-/destr-2.0.5.tgz 126ms (cache miss)
2590 http fetch GET 200 https://registry.npmjs.org/sax/-/sax-1.6.0.tgz 127ms (cache miss)
2591 http fetch GET 200 https://registry.npmjs.org/boolbase/-/boolbase-1.0.0.tgz 130ms (cache miss)
2592 http fetch GET 200 https://registry.npmjs.org/cookie-es/-/cookie-es-1.2.3.tgz 132ms (cache miss)
2593 http fetch GET 200 https://registry.npmjs.org/csso/-/csso-5.0.5.tgz 131ms (cache miss)
2594 http fetch GET 200 https://registry.npmjs.org/picocolors/-/picocolors-1.1.1.tgz 132ms (cache miss)
2595 http fetch GET 200 https://registry.npmjs.org/regex-utilities/-/regex-utilities-2.3.0.tgz 136ms (cache miss)
2596 http fetch GET 200 https://registry.npmjs.org/css-what/-/css-what-6.2.2.tgz 136ms (cache miss)
2597 http fetch GET 200 https://registry.npmjs.org/character-entities-html4/-/character-entities-html4-2.1.0.tgz 135ms (cache miss)
2598 http fetch GET 200 https://registry.npmjs.org/dom-serializer/-/dom-serializer-2.0.0.tgz 146ms (cache miss)
2599 http fetch GET 200 https://registry.npmjs.org/@shikijs/primitive/-/primitive-4.0.2.tgz 165ms (cache miss)
2600 http fetch GET 200 https://registry.npmjs.org/@shikijs/engine-javascript/-/engine-javascript-4.0.2.tgz 173ms (cache miss)
2601 http fetch GET 200 https://registry.npmjs.org/oniguruma-to-es/-/oniguruma-to-es-4.3.6.tgz 176ms (cache miss)
2602 http fetch GET 200 https://registry.npmjs.org/regex-recursion/-/regex-recursion-6.0.2.tgz 180ms (cache miss)
2603 http fetch GET 200 https://registry.npmjs.org/lru-cache/-/lru-cache-11.3.5.tgz 186ms (cache miss)
2604 http fetch GET 200 https://registry.npmjs.org/@shikijs/vscode-textmate/-/vscode-textmate-10.0.2.tgz 182ms (cache miss)
2605 http fetch GET 200 https://registry.npmjs.org/unist-util-modify-children/-/unist-util-modify-children-4.0.0.tgz 185ms (cache miss)
2606 http fetch GET 200 https://registry.npmjs.org/chokidar/-/chokidar-5.0.0.tgz 194ms (cache miss)
2607 http fetch GET 200 https://registry.npmjs.org/unist-util-visit-children/-/unist-util-visit-children-3.0.0.tgz 191ms (cache miss)
2608 http fetch GET 200 https://registry.npmjs.org/detect-libc/-/detect-libc-2.1.2.tgz 192ms (cache miss)
2609 http fetch GET 200 https://registry.npmjs.org/@shikijs/types/-/types-4.0.2.tgz 193ms (cache miss)
2610 http fetch GET 200 https://registry.npmjs.org/regex/-/regex-6.1.0.tgz 194ms (cache miss)
2611 http fetch GET 200 https://registry.npmjs.org/@shikijs/core/-/core-4.0.2.tgz 193ms (cache miss)
2612 http fetch GET 200 https://registry.npmjs.org/commander/-/commander-11.1.0.tgz 201ms (cache miss)
2613 http fetch GET 200 https://registry.npmjs.org/@shikijs/engine-oniguruma/-/engine-oniguruma-4.0.2.tgz 201ms (cache miss)
2614 http fetch GET 200 https://registry.npmjs.org/node-mock-http/-/node-mock-http-1.0.4.tgz 206ms (cache miss)
2615 http fetch GET 200 https://registry.npmjs.org/rollup/-/rollup-4.60.2.tgz 211ms (cache miss)
2616 http fetch GET 200 https://registry.npmjs.org/retext-latin/-/retext-latin-4.0.0.tgz 211ms (cache miss)
2617 http fetch GET 200 https://registry.npmjs.org/crossws/-/crossws-0.3.5.tgz 219ms (cache miss)
2618 http fetch GET 200 https://registry.npmjs.org/micromark-extension-gfm-tagfilter/-/micromark-extension-gfm-tagfilter-2.0.0.tgz 214ms (cache miss)
2619 http fetch GET 200 https://registry.npmjs.org/retext-stringify/-/retext-stringify-4.0.0.tgz 220ms (cache miss)
2620 http fetch GET 200 https://registry.npmjs.org/micromark-extension-gfm-autolink-literal/-/micromark-extension-gfm-autolink-literal-2.1.0.tgz 219ms (cache miss)
2621 http fetch GET 200 https://registry.npmjs.org/nlcst-to-string/-/nlcst-to-string-4.0.0.tgz 221ms (cache miss)
2622 http fetch GET 200 https://registry.npmjs.org/@img/sharp-darwin-arm64/-/sharp-darwin-arm64-0.34.5.tgz 233ms (cache miss)
2623 http fetch GET 200 https://registry.npmjs.org/micromark-factory-title/-/micromark-factory-title-2.0.1.tgz 235ms (cache miss)
2624 http fetch GET 200 https://registry.npmjs.org/css-select/-/css-select-5.2.2.tgz 239ms (cache miss)
2625 http fetch GET 200 https://registry.npmjs.org/@img/colour/-/colour-1.1.0.tgz 240ms (cache miss)
2626 http fetch GET 200 https://registry.npmjs.org/micromark-factory-whitespace/-/micromark-factory-whitespace-2.0.1.tgz 239ms (cache miss)
2627 http fetch GET 200 https://registry.npmjs.org/retext/-/retext-9.0.0.tgz 240ms (cache miss)
2628 http fetch GET 200 https://registry.npmjs.org/micromark-extension-gfm-task-list-item/-/micromark-extension-gfm-task-list-item-2.1.0.tgz 241ms (cache miss)
2629 http fetch GET 200 https://registry.npmjs.org/ms/-/ms-2.1.3.tgz 248ms (cache miss)
2630 http fetch GET 200 https://registry.npmjs.org/micromark-extension-gfm-strikethrough/-/micromark-extension-gfm-strikethrough-2.1.0.tgz 250ms (cache miss)
2631 http fetch GET 200 https://registry.npmjs.org/micromark-util-subtokenize/-/micromark-util-subtokenize-2.1.0.tgz 250ms (cache miss)
2632 http fetch GET 200 https://registry.npmjs.org/oniguruma-parser/-/oniguruma-parser-0.12.2.tgz 261ms (cache miss)
2633 http fetch GET 200 https://registry.npmjs.org/micromark-factory-label/-/micromark-factory-label-2.0.1.tgz 263ms (cache miss)
2634 http fetch GET 200 https://registry.npmjs.org/micromark-util-resolve-all/-/micromark-util-resolve-all-2.0.1.tgz 264ms (cache miss)
2635 http fetch GET 200 https://registry.npmjs.org/micromark-factory-destination/-/micromark-factory-destination-2.0.1.tgz 264ms (cache miss)
2636 http fetch GET 200 https://registry.npmjs.org/micromark-util-html-tag-name/-/micromark-util-html-tag-name-2.0.1.tgz 265ms (cache miss)
2637 http fetch GET 200 https://registry.npmjs.org/micromark-extension-gfm-footnote/-/micromark-extension-gfm-footnote-2.1.0.tgz 268ms (cache miss)
2638 http fetch GET 200 https://registry.npmjs.org/css-tree/-/css-tree-3.2.1.tgz 275ms (cache miss)
2639 http fetch GET 200 https://registry.npmjs.org/parse-latin/-/parse-latin-7.0.0.tgz 274ms (cache miss)
2640 http fetch GET 200 https://registry.npmjs.org/micromark-factory-space/-/micromark-factory-space-2.0.1.tgz 302ms (cache miss)
2641 http fetch GET 200 https://registry.npmjs.org/mdast-util-phrasing/-/mdast-util-phrasing-4.1.0.tgz 307ms (cache miss)
2642 http fetch GET 200 https://registry.npmjs.org/micromark-util-classify-character/-/micromark-util-classify-character-2.0.1.tgz 307ms (cache miss)
2643 http fetch GET 200 https://registry.npmjs.org/markdown-table/-/markdown-table-3.0.4.tgz 307ms (cache miss)
2644 http fetch GET 200 https://registry.npmjs.org/micromark-util-combine-extensions/-/micromark-util-combine-extensions-2.0.1.tgz 307ms (cache miss)
2645 http fetch GET 200 https://registry.npmjs.org/@types/debug/-/debug-4.1.13.tgz 307ms (cache miss)
2646 http fetch GET 200 https://registry.npmjs.org/@types/ms/-/ms-2.1.0.tgz 308ms (cache miss)
2647 http fetch GET 200 https://registry.npmjs.org/mdast-util-find-and-replace/-/mdast-util-find-and-replace-3.0.2.tgz 306ms (cache miss)
2648 http fetch GET 200 https://registry.npmjs.org/micromark-util-decode-string/-/micromark-util-decode-string-2.0.1.tgz 306ms (cache miss)
2649 http fetch GET 200 https://registry.npmjs.org/escape-string-regexp/-/escape-string-regexp-5.0.0.tgz 306ms (cache miss)
2650 http fetch GET 200 https://registry.npmjs.org/character-entities/-/character-entities-2.0.2.tgz 308ms (cache miss)
2651 http fetch GET 200 https://registry.npmjs.org/micromark-util-chunked/-/micromark-util-chunked-2.0.1.tgz 308ms (cache miss)
2652 http fetch GET 200 https://registry.npmjs.org/debug/-/debug-4.4.3.tgz 308ms (cache miss)
2653 http fetch GET 200 https://registry.npmjs.org/micromark-util-decode-numeric-character-reference/-/micromark-util-decode-numeric-character-reference-2.0.2.tgz 307ms (cache miss)
2654 http fetch GET 200 https://registry.npmjs.org/unist-util-is/-/unist-util-is-6.0.1.tgz 308ms (cache miss)
2655 http fetch GET 200 https://registry.npmjs.org/longest-streak/-/longest-streak-3.1.0.tgz 309ms (cache miss)
2656 http fetch GET 200 https://registry.npmjs.org/mdast-util-to-string/-/mdast-util-to-string-4.0.0.tgz 311ms (cache miss)
2657 http fetch GET 200 https://registry.npmjs.org/unist-util-stringify-position/-/unist-util-stringify-position-4.0.0.tgz 312ms (cache miss)
2658 http fetch GET 200 https://registry.npmjs.org/micromark-util-normalize-identifier/-/micromark-util-normalize-identifier-2.0.1.tgz 312ms (cache miss)
2659 http fetch GET 200 https://registry.npmjs.org/mdast-util-gfm-strikethrough/-/mdast-util-gfm-strikethrough-2.0.0.tgz 312ms (cache miss)
2660 http fetch GET 200 https://registry.npmjs.org/remark-stringify/-/remark-stringify-11.0.0.tgz 317ms (cache miss)
2661 http fetch GET 200 https://registry.npmjs.org/@shikijs/themes/-/themes-4.0.2.tgz 328ms (cache miss)
2662 http fetch GET 200 https://registry.npmjs.org/mdast-util-gfm-task-list-item/-/mdast-util-gfm-task-list-item-2.0.0.tgz 323ms (cache miss)
2663 http fetch GET 200 https://registry.npmjs.org/mdast-util-from-markdown/-/mdast-util-from-markdown-2.0.3.tgz 324ms (cache miss)
2664 http fetch GET 200 https://registry.npmjs.org/decode-named-character-reference/-/decode-named-character-reference-1.3.0.tgz 328ms (cache miss)
2665 http fetch GET 200 https://registry.npmjs.org/mdast-util-gfm-table/-/mdast-util-gfm-table-2.0.0.tgz 327ms (cache miss)
2666 http fetch GET 200 https://registry.npmjs.org/stringify-entities/-/stringify-entities-4.0.4.tgz 328ms (cache miss)
2667 http fetch GET 200 https://registry.npmjs.org/mdast-util-gfm-autolink-literal/-/mdast-util-gfm-autolink-literal-2.0.1.tgz 331ms (cache miss)
2668 http fetch GET 200 https://registry.npmjs.org/micromark-extension-gfm-table/-/micromark-extension-gfm-table-2.1.1.tgz 337ms (cache miss)
2669 http fetch GET 200 https://registry.npmjs.org/hast-util-whitespace/-/hast-util-whitespace-3.0.0.tgz 335ms (cache miss)
2670 http fetch GET 200 https://registry.npmjs.org/micromark-util-symbol/-/micromark-util-symbol-2.0.1.tgz 338ms (cache miss)
2671 http fetch GET 200 https://registry.npmjs.org/mdast-util-gfm/-/mdast-util-gfm-3.1.0.tgz 337ms (cache miss)
2672 http fetch GET 200 https://registry.npmjs.org/ccount/-/ccount-2.0.1.tgz 338ms (cache miss)
2673 http fetch GET 200 https://registry.npmjs.org/micromark-util-encode/-/micromark-util-encode-2.0.1.tgz 339ms (cache miss)
2674 http fetch GET 200 https://registry.npmjs.org/micromark-extension-gfm/-/micromark-extension-gfm-3.0.0.tgz 340ms (cache miss)
2675 http fetch GET 200 https://registry.npmjs.org/micromark-util-character/-/micromark-util-character-2.1.1.tgz 342ms (cache miss)
2676 http fetch GET 200 https://registry.npmjs.org/mdast-util-gfm-footnote/-/mdast-util-gfm-footnote-2.1.0.tgz 344ms (cache miss)
2677 http fetch GET 200 https://registry.npmjs.org/micromark/-/micromark-4.0.2.tgz 357ms (cache miss)
2678 http fetch GET 200 https://registry.npmjs.org/p-timeout/-/p-timeout-7.0.1.tgz 355ms (cache miss)
2679 http fetch GET 200 https://registry.npmjs.org/hast-util-to-parse5/-/hast-util-to-parse5-8.0.1.tgz 355ms (cache miss)
2680 http fetch GET 200 https://registry.npmjs.org/hast-util-to-html/-/hast-util-to-html-9.0.5.tgz 359ms (cache miss)
2681 http fetch GET 200 https://registry.npmjs.org/micromark-util-sanitize-uri/-/micromark-util-sanitize-uri-2.0.1.tgz 358ms (cache miss)
2682 http fetch GET 200 https://registry.npmjs.org/unist-util-position/-/unist-util-position-5.0.0.tgz 366ms (cache miss)
2683 http fetch GET 200 https://registry.npmjs.org/eventemitter3/-/eventemitter3-5.0.4.tgz 366ms (cache miss)
2684 http fetch GET 200 https://registry.npmjs.org/zwitch/-/zwitch-2.0.4.tgz 368ms (cache miss)
2685 http fetch GET 200 https://registry.npmjs.org/micromark-core-commonmark/-/micromark-core-commonmark-2.0.3.tgz 373ms (cache miss)
2686 http fetch GET 200 https://registry.npmjs.org/@types/mdast/-/mdast-4.0.4.tgz 372ms (cache miss)
2687 http fetch GET 200 https://registry.npmjs.org/rehype-parse/-/rehype-parse-9.0.1.tgz 373ms (cache miss)
2688 http fetch GET 200 https://registry.npmjs.org/micromark-util-types/-/micromark-util-types-2.0.2.tgz 374ms (cache miss)
2689 http fetch GET 200 https://registry.npmjs.org/hast-util-raw/-/hast-util-raw-9.1.0.tgz 373ms (cache miss)
2690 http fetch GET 200 https://registry.npmjs.org/@ungap/structured-clone/-/structured-clone-1.3.0.tgz 374ms (cache miss)
2691 http fetch GET 200 https://registry.npmjs.org/source-map-js/-/source-map-js-1.2.1.tgz 373ms (cache miss)
2692 http fetch GET 200 https://registry.npmjs.org/argparse/-/argparse-2.0.1.tgz 382ms (cache miss)
2693 http fetch GET 200 https://registry.npmjs.org/@babel/helper-string-parser/-/helper-string-parser-7.27.1.tgz 383ms (cache miss)
2694 http fetch GET 200 https://registry.npmjs.org/@img/sharp-libvips-darwin-arm64/-/sharp-libvips-darwin-arm64-1.2.4.tgz 393ms (cache miss)
2695 http fetch GET 200 https://registry.npmjs.org/trim-lines/-/trim-lines-3.0.1.tgz 391ms (cache miss)
2696 http fetch GET 200 https://registry.npmjs.org/comma-separated-tokens/-/comma-separated-tokens-2.0.3.tgz 391ms (cache miss)
2697 http fetch GET 200 https://registry.npmjs.org/space-separated-tokens/-/space-separated-tokens-2.0.2.tgz 391ms (cache miss)
2698 http fetch GET 200 https://registry.npmjs.org/yocto-queue/-/yocto-queue-1.2.2.tgz 391ms (cache miss)
2699 http fetch GET 200 https://registry.npmjs.org/mdast-util-to-markdown/-/mdast-util-to-markdown-2.1.2.tgz 396ms (cache miss)
2700 http fetch GET 200 https://registry.npmjs.org/html-void-elements/-/html-void-elements-3.0.0.tgz 397ms (cache miss)
2701 http fetch GET 200 https://registry.npmjs.org/mdast-util-to-hast/-/mdast-util-to-hast-13.2.1.tgz 400ms (cache miss)
2702 http fetch GET 200 https://registry.npmjs.org/@babel/parser/-/parser-7.29.2.tgz 401ms (cache miss)
2703 http fetch GET 200 https://registry.npmjs.org/vfile-location/-/vfile-location-5.0.3.tgz 404ms (cache miss)
2704 http fetch GET 200 https://registry.npmjs.org/is-inside-container/-/is-inside-container-1.0.0.tgz 404ms (cache miss)
2705 http fetch GET 200 https://registry.npmjs.org/dequal/-/dequal-2.0.3.tgz 411ms (cache miss)
2706 http fetch GET 200 https://registry.npmjs.org/vfile-message/-/vfile-message-4.0.3.tgz 413ms (cache miss)
2707 http fetch GET 200 https://registry.npmjs.org/@babel/helper-validator-identifier/-/helper-validator-identifier-7.28.5.tgz 413ms (cache miss)
2708 http fetch GET 200 https://registry.npmjs.org/unist-util-find-after/-/unist-util-find-after-5.0.0.tgz 416ms (cache miss)
2709 http fetch GET 200 https://registry.npmjs.org/hastscript/-/hastscript-9.0.1.tgz 416ms (cache miss)
2710 http fetch GET 200 https://registry.npmjs.org/hast-util-parse-selector/-/hast-util-parse-selector-4.0.0.tgz 418ms (cache miss)
2711 http fetch GET 200 https://registry.npmjs.org/@jridgewell/sourcemap-codec/-/sourcemap-codec-1.5.5.tgz 423ms (cache miss)
2712 http fetch GET 200 https://registry.npmjs.org/devlop/-/devlop-1.1.0.tgz 423ms (cache miss)
2713 http fetch GET 200 https://registry.npmjs.org/tiny-inflate/-/tiny-inflate-1.0.3.tgz 429ms (cache miss)
2714 http fetch GET 200 https://registry.npmjs.org/fast-wrap-ansi/-/fast-wrap-ansi-0.2.0.tgz 429ms (cache miss)
2715 http fetch GET 200 https://registry.npmjs.org/entities/-/entities-6.0.1.tgz 432ms (cache miss)
2716 http fetch GET 200 https://registry.npmjs.org/web-namespaces/-/web-namespaces-2.0.1.tgz 432ms (cache miss)
2717 http fetch GET 200 https://registry.npmjs.org/fast-string-truncated-width/-/fast-string-truncated-width-3.0.3.tgz 431ms (cache miss)
2718 http fetch GET 200 https://registry.npmjs.org/sisteransi/-/sisteransi-1.0.5.tgz 435ms (cache miss)
2719 http fetch GET 200 https://registry.npmjs.org/hast-util-from-parse5/-/hast-util-from-parse5-8.0.3.tgz 442ms (cache miss)
2720 http fetch GET 200 https://registry.npmjs.org/fontkitten/-/fontkitten-1.0.3.tgz 444ms (cache miss)
2721 http fetch GET 200 https://registry.npmjs.org/estree-walker/-/estree-walker-2.0.2.tgz 445ms (cache miss)
2722 http fetch GET 200 https://registry.npmjs.org/is-wsl/-/is-wsl-3.1.1.tgz 450ms (cache miss)
2723 http fetch GET 200 https://registry.npmjs.org/hast-util-is-element/-/hast-util-is-element-3.0.0.tgz 457ms (cache miss)
2724 http fetch GET 200 https://registry.npmjs.org/@types/unist/-/unist-3.0.3.tgz 457ms (cache miss)
2725 http fetch GET 200 https://registry.npmjs.org/fast-string-width/-/fast-string-width-3.0.2.tgz 463ms (cache miss)
2726 http fetch GET 200 https://registry.npmjs.org/is-docker/-/is-docker-4.0.0.tgz 463ms (cache miss)
2727 http fetch GET 200 https://registry.npmjs.org/@types/nlcst/-/nlcst-2.0.3.tgz 475ms (cache miss)
2728 http fetch GET 200 https://registry.npmjs.org/dlv/-/dlv-1.1.3.tgz 465ms (cache miss)
2729 http fetch GET 200 https://registry.npmjs.org/@types/estree/-/estree-1.0.8.tgz 467ms (cache miss)
2730 http fetch GET 200 https://registry.npmjs.org/parse5/-/parse5-7.3.0.tgz 470ms (cache miss)
2731 http fetch GET 200 https://registry.npmjs.org/retext-smartypants/-/retext-smartypants-6.2.0.tgz 475ms (cache miss)
2732 http fetch GET 200 https://registry.npmjs.org/@types/hast/-/hast-3.0.4.tgz 479ms (cache miss)
2733 http fetch GET 200 https://registry.npmjs.org/which-pm-runs/-/which-pm-runs-1.1.0.tgz 486ms (cache miss)
2734 http fetch GET 200 https://registry.npmjs.org/rehype-stringify/-/rehype-stringify-10.0.1.tgz 488ms (cache miss)
2735 http fetch GET 200 https://registry.npmjs.org/remark-smartypants/-/remark-smartypants-3.0.2.tgz 492ms (cache miss)
2736 http fetch GET 200 https://registry.npmjs.org/hast-util-from-html/-/hast-util-from-html-2.0.3.tgz 491ms (cache miss)
2737 http fetch GET 200 https://registry.npmjs.org/remark-rehype/-/remark-rehype-11.1.2.tgz 492ms (cache miss)
2738 http fetch GET 200 https://registry.npmjs.org/@clack/core/-/core-1.3.0.tgz 494ms (cache miss)
2739 http fetch GET 200 https://registry.npmjs.org/remark-gfm/-/remark-gfm-4.0.1.tgz 492ms (cache miss)
2740 http fetch GET 200 https://registry.npmjs.org/unist-util-visit-parents/-/unist-util-visit-parents-6.0.2.tgz 493ms (cache miss)
2741 http fetch GET 200 https://registry.npmjs.org/remark-parse/-/remark-parse-11.0.0.tgz 496ms (cache miss)
2742 http fetch GET 200 https://registry.npmjs.org/unified/-/unified-11.0.5.tgz 495ms (cache miss)
2743 http fetch GET 200 https://registry.npmjs.org/mdast-util-definitions/-/mdast-util-definitions-6.0.0.tgz 498ms (cache miss)
2744 http fetch GET 200 https://registry.npmjs.org/hast-util-to-text/-/hast-util-to-text-4.0.2.tgz 500ms (cache miss)
2745 http fetch GET 200 https://registry.npmjs.org/unist-util-visit/-/unist-util-visit-5.1.0.tgz 509ms (cache miss)
2746 http fetch GET 200 https://registry.npmjs.org/rehype-raw/-/rehype-raw-7.0.0.tgz 510ms (cache miss)
2747 http fetch GET 200 https://registry.npmjs.org/unifont/-/unifont-0.7.4.tgz 522ms (cache miss)
2748 http fetch GET 200 https://registry.npmjs.org/@astrojs/prism/-/prism-4.0.1.tgz 526ms (cache miss)
2749 http fetch GET 200 https://registry.npmjs.org/vitefu/-/vitefu-1.1.3.tgz 527ms (cache miss)
2750 http fetch GET 200 https://registry.npmjs.org/xxhash-wasm/-/xxhash-wasm-1.1.0.tgz 528ms (cache miss)
2751 http fetch GET 200 https://registry.npmjs.org/yargs-parser/-/yargs-parser-22.0.0.tgz 529ms (cache miss)
2752 http fetch GET 200 https://registry.npmjs.org/tinyglobby/-/tinyglobby-0.2.16.tgz 532ms (cache miss)
2753 http fetch GET 200 https://registry.npmjs.org/tsconfck/-/tsconfck-3.1.6.tgz 535ms (cache miss)
2754 http fetch GET 200 https://registry.npmjs.org/unist-util-remove-position/-/unist-util-remove-position-5.0.0.tgz 540ms (cache miss)
2755 http fetch GET 200 https://registry.npmjs.org/tinyexec/-/tinyexec-1.1.2.tgz 542ms (cache miss)
2756 http fetch GET 200 https://registry.npmjs.org/obug/-/obug-2.1.1.tgz 544ms (cache miss)
2757 http fetch GET 200 https://registry.npmjs.org/mrmime/-/mrmime-2.0.1.tgz 544ms (cache miss)
2758 http fetch GET 200 https://registry.npmjs.org/tinyclip/-/tinyclip-0.1.12.tgz 546ms (cache miss)
2759 http fetch GET 200 https://registry.npmjs.org/piccolore/-/piccolore-0.1.3.tgz 550ms (cache miss)
2760 http fetch GET 200 https://registry.npmjs.org/vfile/-/vfile-6.0.3.tgz 555ms (cache miss)
2761 http fetch GET 200 https://registry.npmjs.org/rehype/-/rehype-13.0.2.tgz 554ms (cache miss)
2762 http fetch GET 200 https://registry.npmjs.org/picomatch/-/picomatch-4.0.4.tgz 554ms (cache miss)
2763 http fetch GET 200 https://registry.npmjs.org/p-limit/-/p-limit-7.3.0.tgz 557ms (cache miss)
2764 http fetch GET 200 https://registry.npmjs.org/github-slugger/-/github-slugger-2.0.0.tgz 561ms (cache miss)
2765 http fetch GET 200 https://registry.npmjs.org/ultrahtml/-/ultrahtml-1.6.0.tgz 563ms (cache miss)
2766 http fetch GET 200 https://registry.npmjs.org/smol-toml/-/smol-toml-1.6.1.tgz 563ms (cache miss)
2767 http fetch GET 200 https://registry.npmjs.org/p-queue/-/p-queue-9.2.0.tgz 580ms (cache miss)
2768 http fetch GET 200 https://registry.npmjs.org/package-manager-detector/-/package-manager-detector-1.6.0.tgz 581ms (cache miss)
2769 http fetch GET 200 https://registry.npmjs.org/html-escaper/-/html-escaper-3.0.3.tgz 581ms (cache miss)
2770 http fetch GET 200 https://registry.npmjs.org/@esbuild/darwin-arm64/-/darwin-arm64-0.27.7.tgz 590ms (cache miss)
2771 http fetch GET 200 https://registry.npmjs.org/magicast/-/magicast-0.5.2.tgz 586ms (cache miss)
2772 http fetch GET 200 https://registry.npmjs.org/dset/-/dset-3.1.4.tgz 588ms (cache miss)
2773 http fetch GET 200 https://registry.npmjs.org/http-cache-semantics/-/http-cache-semantics-4.2.0.tgz 588ms (cache miss)
2774 http fetch GET 200 https://registry.npmjs.org/common-ancestor-path/-/common-ancestor-path-2.0.0.tgz 589ms (cache miss)
2775 http fetch GET 200 https://registry.npmjs.org/magic-string/-/magic-string-0.30.21.tgz 590ms (cache miss)
2776 http fetch GET 200 https://registry.npmjs.org/clsx/-/clsx-2.1.1.tgz 590ms (cache miss)
2777 http fetch GET 200 https://registry.npmjs.org/flattie/-/flattie-1.1.1.tgz 592ms (cache miss)
2778 http fetch GET 200 https://registry.npmjs.org/es-module-lexer/-/es-module-lexer-2.1.0.tgz 592ms (cache miss)
2779 http fetch GET 200 https://registry.npmjs.org/neotraverse/-/neotraverse-0.6.18.tgz 593ms (cache miss)
2780 http fetch GET 200 https://registry.npmjs.org/cookie/-/cookie-1.1.1.tgz 594ms (cache miss)
2781 http fetch GET 200 https://registry.npmjs.org/devalue/-/devalue-5.7.1.tgz 596ms (cache miss)
2782 http fetch GET 200 https://registry.npmjs.org/@babel/types/-/types-7.29.0.tgz 607ms (cache miss)
2783 http fetch GET 200 https://registry.npmjs.org/sharp/-/sharp-0.34.5.tgz 609ms (cache miss)
2784 http fetch GET 200 https://registry.npmjs.org/fontace/-/fontace-0.4.1.tgz 606ms (cache miss)
2785 http fetch GET 200 https://registry.npmjs.org/ci-info/-/ci-info-4.4.0.tgz 609ms (cache miss)
2786 http fetch GET 200 https://registry.npmjs.org/@capsizecss/unpack/-/unpack-4.0.0.tgz 610ms (cache miss)
2787 http fetch GET 200 https://registry.npmjs.org/@astrojs/markdown-remark/-/markdown-remark-7.1.1.tgz 613ms (cache miss)
2788 http fetch GET 200 https://registry.npmjs.org/esbuild/-/esbuild-0.27.7.tgz 614ms (cache miss)
2789 http fetch GET 200 https://registry.npmjs.org/picomatch/-/picomatch-2.3.2.tgz 621ms (cache miss)
2790 http fetch GET 200 https://registry.npmjs.org/semver/-/semver-7.7.4.tgz 625ms (cache miss)
2791 http fetch GET 200 https://registry.npmjs.org/is-docker/-/is-docker-3.0.0.tgz 619ms (cache miss)
2792 http fetch GET 200 https://registry.npmjs.org/@rollup/pluginutils/-/pluginutils-5.3.0.tgz 628ms (cache miss)
2793 http fetch GET 200 https://registry.npmjs.org/@astrojs/telemetry/-/telemetry-3.3.1.tgz 637ms (cache miss)
2794 http fetch GET 200 https://registry.npmjs.org/js-yaml/-/js-yaml-4.1.1.tgz 639ms (cache miss)
2795 http fetch GET 200 https://registry.npmjs.org/@clack/prompts/-/prompts-1.3.0.tgz 639ms (cache miss)
2796 http fetch GET 200 https://registry.npmjs.org/vite/-/vite-7.3.2.tgz 645ms (cache miss)
2797 http fetch GET 200 https://registry.npmjs.org/@astrojs/internal-helpers/-/internal-helpers-0.9.0.tgz 645ms (cache miss)
2798 http fetch GET 200 https://registry.npmjs.org/mdn-data/-/mdn-data-2.0.28.tgz 653ms (cache miss)
2799 http fetch GET 200 https://registry.npmjs.org/@oslojs/encoding/-/encoding-1.1.0.tgz 678ms (cache miss)
2800 http fetch GET 200 https://registry.npmjs.org/entities/-/entities-4.5.0.tgz 688ms (cache miss)
2801 http fetch GET 200 https://registry.npmjs.org/property-information/-/property-information-7.1.0.tgz 722ms (cache miss)
2802 http fetch GET 200 https://registry.npmjs.org/unstorage/-/unstorage-1.17.5.tgz 727ms (cache miss)
2803 http fetch GET 200 https://registry.npmjs.org/svgo/-/svgo-4.0.1.tgz 734ms (cache miss)
2804 http fetch GET 200 https://registry.npmjs.org/diff/-/diff-8.0.4.tgz 739ms (cache miss)
2805 http fetch GET 200 https://registry.npmjs.org/@astrojs/compiler/-/compiler-4.0.0.tgz 739ms (cache miss)
2806 http fetch GET 200 https://registry.npmjs.org/@shikijs/langs/-/langs-4.0.2.tgz 769ms (cache miss)
2807 http fetch GET 200 https://registry.npmjs.org/axobject-query/-/axobject-query-4.1.0.tgz 758ms (cache miss)
2808 http fetch GET 200 https://registry.npmjs.org/aria-query/-/aria-query-5.3.2.tgz 785ms (cache miss)
2809 http fetch GET 200 https://registry.npmjs.org/css-tree/-/css-tree-2.2.1.tgz 792ms (cache miss)
2810 http fetch GET 200 https://registry.npmjs.org/prismjs/-/prismjs-1.30.0.tgz 827ms (cache miss)
2811 http fetch GET 200 https://registry.npmjs.org/shiki/-/shiki-4.0.2.tgz 874ms (cache miss)
2812 http fetch GET 200 https://registry.npmjs.org/zod/-/zod-4.4.1.tgz 883ms (cache miss)
2813 http fetch GET 200 https://registry.npmjs.org/astro/-/astro-6.2.0.tgz 932ms (cache miss)
2814 info run fsevents@2.3.3 install node_modules/fsevents node-gyp rebuild
2815 info run sharp@0.34.5 install node_modules/sharp node install/check.js || npm run build
2816 info run fsevents@2.3.3 install { code: 1, signal: null }
2817 verbose reify failed optional dependency /Volumes/qbitOS/00.dev/cursor/train/train/node_modules/fsevents
2818 silly reify mark deleted [ '/Volumes/qbitOS/00.dev/cursor/train/train/node_modules/fsevents' ]
2819 info run sharp@0.34.5 install { code: 0, signal: null }
2820 info run esbuild@0.27.7 postinstall node_modules/esbuild node install.js
2821 info run esbuild@0.27.7 postinstall { code: 0, signal: null }
2822 silly ADD node_modules/@rollup/rollup-darwin-arm64
2823 silly ADD node_modules/nanoid
2824 silly ADD node_modules/rollup
2825 silly ADD node_modules/postcss
2826 silly ADD
2827 silly ADD node_modules/uncrypto
2828 silly ADD node_modules/radix3
2829 silly ADD node_modules/node-mock-http
2830 silly ADD node_modules/iron-webcrypto
2831 silly ADD node_modules/defu
2832 silly ADD node_modules/crossws
2833 silly ADD node_modules/cookie-es
2834 silly ADD node_modules/readdirp
2835 silly ADD node_modules/normalize-path
2836 silly ADD node_modules/lru-cache
2837 silly ADD node_modules/h3
2838 silly ADD node_modules/chokidar
2839 silly ADD node_modules/anymatch
2840 silly ADD node_modules/anymatch/node_modules/picomatch
2841 silly ADD node_modules/array-iterate
2842 silly ADD node_modules/ufo
2843 silly ADD node_modules/node-fetch-native
2844 silly ADD node_modules/destr
2845 silly ADD node_modules/ohash
2846 silly ADD node_modules/ofetch
2847 silly ADD node_modules/trough
2848 silly ADD node_modules/is-plain-obj
2849 silly ADD node_modules/extend
2850 silly ADD node_modules/bail
2851 silly ADD node_modules/fdir
2852 silly ADD node_modules/dom-serializer
2853 silly ADD node_modules/dom-serializer/node_modules/entities
2854 silly ADD node_modules/domelementtype
2855 silly ADD node_modules/mdn-data
2856 silly ADD node_modules/nth-check
2857 silly ADD node_modules/domutils
2858 silly ADD node_modules/domhandler
2859 silly ADD node_modules/boolbase
2860 silly ADD node_modules/sax
2861 silly ADD node_modules/picocolors
2862 silly ADD node_modules/csso
2863 silly ADD node_modules/csso/node_modules/mdn-data
2864 silly ADD node_modules/csso/node_modules/css-tree
2865 silly ADD node_modules/css-what
2866 silly ADD node_modules/css-tree
2867 silly ADD node_modules/css-select
2868 silly ADD node_modules/commander
2869 silly ADD node_modules/character-entities-legacy
2870 silly ADD node_modules/character-entities-html4
2871 silly ADD node_modules/regex-utilities
2872 silly ADD node_modules/regex-recursion
2873 silly ADD node_modules/regex
2874 silly ADD node_modules/oniguruma-parser
2875 silly ADD node_modules/oniguruma-to-es
2876 silly ADD node_modules/@shikijs/primitive
2877 silly ADD node_modules/@shikijs/vscode-textmate
2878 silly ADD node_modules/@shikijs/types
2879 silly ADD node_modules/@shikijs/themes
2880 silly ADD node_modules/@shikijs/langs
2881 silly ADD node_modules/@shikijs/engine-oniguruma
2882 silly ADD node_modules/@shikijs/engine-javascript
2883 silly ADD node_modules/@shikijs/core
2884 silly ADD node_modules/detect-libc
2885 silly ADD node_modules/@img/sharp-libvips-darwin-arm64
2886 silly ADD node_modules/@img/sharp-darwin-arm64
2887 silly ADD node_modules/@img/colour
2888 silly ADD node_modules/unist-util-visit-children
2889 silly ADD node_modules/unist-util-modify-children
2890 silly ADD node_modules/nlcst-to-string
2891 silly ADD node_modules/parse-latin
2892 silly ADD node_modules/retext-stringify
2893 silly ADD node_modules/retext-latin
2894 silly ADD node_modules/@types/nlcst
2895 silly ADD node_modules/retext
2896 silly ADD node_modules/micromark-extension-gfm-task-list-item
2897 silly ADD node_modules/micromark-extension-gfm-tagfilter
2898 silly ADD node_modules/micromark-extension-gfm-table
2899 silly ADD node_modules/micromark-extension-gfm-strikethrough
2900 silly ADD node_modules/micromark-extension-gfm-footnote
2901 silly ADD node_modules/micromark-extension-gfm-autolink-literal
2902 silly ADD node_modules/micromark-util-html-tag-name
2903 silly ADD node_modules/micromark-factory-whitespace
2904 silly ADD node_modules/micromark-factory-title
2905 silly ADD node_modules/micromark-factory-label
2906 silly ADD node_modules/micromark-factory-destination
2907 silly ADD node_modules/ms
2908 silly ADD node_modules/@types/ms
2909 silly ADD node_modules/micromark-util-subtokenize
2910 silly ADD node_modules/micromark-util-resolve-all
2911 silly ADD node_modules/micromark-util-combine-extensions
2912 silly ADD node_modules/micromark-util-chunked
2913 silly ADD node_modules/micromark-factory-space
2914 silly ADD node_modules/micromark-core-commonmark
2915 silly ADD node_modules/debug
2916 silly ADD node_modules/@types/debug
2917 silly ADD node_modules/micromark-util-classify-character
2918 silly ADD node_modules/mdast-util-phrasing
2919 silly ADD node_modules/longest-streak
2920 silly ADD node_modules/markdown-table
2921 silly ADD node_modules/unist-util-is
2922 silly ADD node_modules/escape-string-regexp
2923 silly ADD node_modules/mdast-util-find-and-replace
2924 silly ADD node_modules/character-entities
2925 silly ADD node_modules/unist-util-stringify-position
2926 silly ADD node_modules/micromark-util-normalize-identifier
2927 silly ADD node_modules/micromark-util-decode-string
2928 silly ADD node_modules/micromark-util-decode-numeric-character-reference
2929 silly ADD node_modules/micromark
2930 silly ADD node_modules/mdast-util-to-string
2931 silly ADD node_modules/decode-named-character-reference
2932 silly ADD node_modules/mdast-util-to-markdown
2933 silly ADD node_modules/mdast-util-gfm-task-list-item
2934 silly ADD node_modules/mdast-util-gfm-table
2935 silly ADD node_modules/mdast-util-gfm-strikethrough
2936 silly ADD node_modules/mdast-util-gfm-footnote
2937 silly ADD node_modules/mdast-util-gfm-autolink-literal
2938 silly ADD node_modules/mdast-util-from-markdown
2939 silly ADD node_modules/remark-stringify
2940 silly ADD node_modules/micromark-extension-gfm
2941 silly ADD node_modules/mdast-util-gfm
2942 silly ADD node_modules/stringify-entities
2943 silly ADD node_modules/hast-util-whitespace
2944 silly ADD node_modules/ccount
2945 silly ADD node_modules/hast-util-to-html
2946 silly ADD node_modules/micromark-util-types
2947 silly ADD node_modules/micromark-util-symbol
2948 silly ADD node_modules/micromark-util-encode
2949 silly ADD node_modules/micromark-util-character
2950 silly ADD node_modules/trim-lines
2951 silly ADD node_modules/micromark-util-sanitize-uri
2952 silly ADD node_modules/zwitch
2953 silly ADD node_modules/unist-util-position
2954 silly ADD node_modules/mdast-util-to-hast
2955 silly ADD node_modules/html-void-elements
2956 silly ADD node_modules/hast-util-to-parse5
2957 silly ADD node_modules/@ungap/structured-clone
2958 silly ADD node_modules/hast-util-raw
2959 silly ADD node_modules/rehype-parse
2960 silly ADD node_modules/entities
2961 silly ADD node_modules/p-timeout
2962 silly ADD node_modules/eventemitter3
2963 silly ADD node_modules/yocto-queue
2964 silly ADD node_modules/@types/mdast
2965 silly ADD node_modules/@babel/helper-validator-identifier
2966 silly ADD node_modules/@babel/helper-string-parser
2967 silly ADD node_modules/source-map-js
2968 silly ADD node_modules/@babel/types
2969 silly ADD node_modules/@babel/parser
2970 silly ADD node_modules/@jridgewell/sourcemap-codec
2971 silly ADD node_modules/argparse
2972 silly ADD node_modules/is-inside-container
2973 silly ADD node_modules/is-inside-container/node_modules/is-docker
2974 silly ADD node_modules/space-separated-tokens
2975 silly ADD node_modules/hast-util-parse-selector
2976 silly ADD node_modules/comma-separated-tokens
2977 silly ADD node_modules/unist-util-find-after
2978 silly ADD node_modules/hast-util-is-element
2979 silly ADD node_modules/web-namespaces
2980 silly ADD node_modules/vfile-location
2981 silly ADD node_modules/property-information
2982 silly ADD node_modules/hastscript
2983 silly ADD node_modules/dequal
2984 silly ADD node_modules/@types/unist
2985 silly ADD node_modules/vfile-message
2986 silly ADD node_modules/parse5
2987 silly ADD node_modules/hast-util-from-parse5
2988 silly ADD node_modules/devlop
2989 silly ADD node_modules/@types/hast
2990 silly ADD node_modules/tiny-inflate
2991 silly ADD node_modules/fast-string-truncated-width
2992 silly ADD node_modules/@esbuild/darwin-arm64
2993 silly ADD node_modules/estree-walker
2994 silly ADD node_modules/@types/estree
2995 silly ADD node_modules/sisteransi
2996 silly ADD node_modules/fast-wrap-ansi
2997 silly ADD node_modules/fast-string-width
2998 silly ADD node_modules/@clack/core
2999 silly ADD node_modules/fontkitten
3000 silly ADD node_modules/which-pm-runs
3001 silly ADD node_modules/is-wsl
3002 silly ADD node_modules/is-docker
3003 silly ADD node_modules/dlv
3004 silly ADD node_modules/prismjs
3005 silly ADD node_modules/unist-util-visit-parents
3006 silly ADD node_modules/unist-util-remove-position
3007 silly ADD node_modules/unified
3008 silly ADD node_modules/retext-smartypants
3009 silly ADD node_modules/remark-smartypants
3010 silly ADD node_modules/remark-rehype
3011 silly ADD node_modules/remark-parse
3012 silly ADD node_modules/remark-gfm
3013 silly ADD node_modules/rehype-stringify
3014 silly ADD node_modules/rehype-raw
3015 silly ADD node_modules/mdast-util-definitions
3016 silly ADD node_modules/hast-util-to-text
3017 silly ADD node_modules/hast-util-from-html
3018 silly ADD node_modules/@astrojs/prism
3019 silly ADD node_modules/zod
3020 silly ADD node_modules/yargs-parser
3021 silly ADD node_modules/xxhash-wasm
3022 silly ADD node_modules/vitefu
3023 silly ADD node_modules/vite
3024 silly ADD node_modules/vfile
3025 silly ADD node_modules/unstorage
3026 silly ADD node_modules/unist-util-visit
3027 silly ADD node_modules/unifont
3028 silly ADD node_modules/ultrahtml
3029 silly ADD node_modules/tsconfck
3030 silly ADD node_modules/tinyglobby
3031 silly ADD node_modules/tinyexec
3032 silly ADD node_modules/tinyclip
3033 silly ADD node_modules/svgo
3034 silly ADD node_modules/smol-toml
3035 silly ADD node_modules/shiki
3036 silly ADD node_modules/sharp
3037 silly ADD node_modules/semver
3038 silly ADD node_modules/rehype
3039 silly ADD node_modules/picomatch
3040 silly ADD node_modules/piccolore
3041 silly ADD node_modules/package-manager-detector
3042 silly ADD node_modules/p-queue
3043 silly ADD node_modules/p-limit
3044 silly ADD node_modules/obug
3045 silly ADD node_modules/neotraverse
3046 silly ADD node_modules/mrmime
3047 silly ADD node_modules/magicast
3048 silly ADD node_modules/magic-string
3049 silly ADD node_modules/js-yaml
3050 silly ADD node_modules/http-cache-semantics
3051 silly ADD node_modules/html-escaper
3052 silly ADD node_modules/github-slugger
3053 silly ADD node_modules/fontace
3054 silly ADD node_modules/flattie
3055 silly ADD node_modules/esbuild
3056 silly ADD node_modules/es-module-lexer
3057 silly ADD node_modules/dset
3058 silly ADD node_modules/diff
3059 silly ADD node_modules/devalue
3060 silly ADD node_modules/cookie
3061 silly ADD node_modules/common-ancestor-path
3062 silly ADD node_modules/clsx
3063 silly ADD node_modules/ci-info
3064 silly ADD node_modules/axobject-query
3065 silly ADD node_modules/aria-query
3066 silly ADD node_modules/@rollup/pluginutils
3067 silly ADD node_modules/@oslojs/encoding
3068 silly ADD node_modules/@clack/prompts
3069 silly ADD node_modules/@capsizecss/unpack
3070 silly ADD node_modules/@astrojs/telemetry
3071 silly ADD node_modules/@astrojs/markdown-remark
3072 silly ADD node_modules/@astrojs/internal-helpers
3073 silly ADD node_modules/@astrojs/compiler
3074 silly ADD node_modules/astro
3075 verbose cwd /Volumes/qbitOS/00.dev/cursor/train/train
3076 verbose os Darwin 25.3.0
3077 verbose node v25.8.2
3078 verbose npm  v11.11.1
3079 notice
3079 notice New [33mminor[39m version of npm available! [33m11.11.1[39m -> [34m11.13.0[39m
3079 notice Changelog: [34mhttps://github.com/npm/cli/releases/tag/v11.13.0[39m
3079 notice To update run: [4mnpm install -g npm@11.13.0[24m
3079 notice  { force: true, Symbol(proc-log.meta): true }
3080 verbose exit 0
3081 info ok
